 F                   546749                   546741   8.1129468052338390E-003       8221 #   1  2  2  4  2  2  4  2  4  5 ->   2  2  1  4  2  2  4  2  4  5
 F                   546749                   546723   1.6362136808577565E-002       8244 #   1  2  2  4  2  2  4  2  4  5 ->   2  2  2  3  2  2  4  2  4  5
 F                   546749                   546345   1.0196566849910091E-003       9181 #   1  2  2  4  2  2  4  2  4  5 ->   2  2  2  4  2  1  4  2  4  5
 F                   546749                   545535   2.0413255987214796E-003       9184 #   1  2  2  4  2  2  4  2  4  5 ->   2  2  2  4  2  2  3  2  4  5
 A                   546749                   546744   1.6816195458554915E-003       6930 #   1  2  2  4  2  2  4  2  4  5 ->   2  0  2  4  2  2  4  2  4  5
 A                   546749                   546738   1.9406536639223813E-003       7039 #   1  2  2  4  2  2  4  2  4  5 ->   2  1  1  4  2  2  4  2  4  5
 A                   546749                   546720   3.8739204760110642E-003       7062 #   1  2  2  4  2  2  4  2  4  5 ->   2  1  2  3  2  2  4  2  4  5
 A                   546749                   546612   4.5227172284692475E-004       7958 #   1  2  2  4  2  2  4  2  4  5 ->   2  1  2  4  1  2  4  2  4  5
 A                   546749                   546342   2.5163652971257216E-004       7998 #   1  2  2  4  2  2  4  2  4  5 ->   2  1  2  4  2  1  4  2  4  5
 A                   546749                   545532   5.0315260138449535E-004       8001 #   1  2  2  4  2  2  4  2  4  5 ->   2  1  2  4  2  2  3  2  4  5
 A                   546749                   540672   3.7127947565920638E-005       8093 #   1  2  2  4  2  2  4  2  4  5 ->   2  1  2  4  2  2  4  1  4  5
 A                   546749                   528522   1.6211941304503864E-005       8075 #   1  2  2  4  2  2  4  2  4  5 ->   2  1  2  4  2  2  4  2  3  5
 A                   546749                   455622   2.0263362035463602E-005       8076 #   1  2  2  4  2  2  4  2  4  5 ->   2  1  2  4  2  2  4  2  4  4
 A                   546749                   546732   3.8143282322722935E-004       7148 #   1  2  2  4  2  2  4  2  4  5 ->   2  2  0  4  2  2  4  2  4  5
 A                   546749                   546714   9.4817029033185604E-003       7171 #   1  2  2  4  2  2  4  2  4  5 ->   2  2  1  3  2  2  4  2  4  5
 A                   546749                   546606   2.2525122654207524E-004       8067 #   1  2  2  4  2  2  4  2  4  5 ->   2  2  1  4  1  2  4  2  4  5
 A                   546749                   546336   9.4177652999068178E-005       8108 #   1  2  2  4  2  2  4  2  4  5 ->   2  2  1  4  2  1  4  2  4  5
 A                   546749                   545526   1.0656831841012119E-003       8111 #   1  2  2  4  2  2  4  2  4  5 ->   2  2  1  4  2  2  3  2  4  5
 A                   546749                   540666   1.8155804454907878E-005       8202 #   1  2  2  4  2  2  4  2  4  5 ->   2  2  1  4  2  2  4  1  4  5
 A                   546749                   528516   2.3401053992432438E-005       8185 #   1  2  2  4  2  2  4  2  4  5 ->   2  2  1  4  2  2  4  2  3  5
 A                   546749                   455616   7.5851922984250623E-005       8185 #   1  2  2  4  2  2  4  2  4  5 ->   2  2  1  4  2  2  4  2  4  4
 A                   546749                   546696   5.4783964980034934E-003       7194 #   1  2  2  4  2  2  4  2  4  5 ->   2  2  2  2  2  2  4  2  4  5
 A                   546749                   546588   4.4987762346007047E-004       8090 #   1  2  2  4  2  2  4  2  4  5 ->   2  2  2  3  1  2  4  2  4  5
 A                   546749                   546318   1.0625239567543061E-003       8131 #   1  2  2  4  2  2  4  2  4  5 ->   2  2  2  3  2  1  4  2  4  5
 A                   546749                   545508   1.2495079443449646E-003       8134 #   1  2  2  4  2  2  4  2  4  5 ->   2  2  2  3  2  2  3  2  4  5
 A                   546749                   540648   3.6263645733201185E-005       8225 #   1  2  2  4  2  2  4  2  4  5 ->   2  2  2  3  2  2  4  1  4  5
 A                   546749                   528498   1.1329096966135907E-004       8208 #   1  2  2  4  2  2  4  2  4  5 ->   2  2  2  3  2  2  4  2  3  5
 A                   546749                   455598   9.5189441432564316E-005       8208 #   1  2  2  4  2  2  4  2  4  5 ->   2  2  2  3  2  2  4  2  4  4
 A                   546749                   546480   3.0037986349462705E-005       8987 #   1  2  2  4  2  2  4  2  4  5 ->   2  2  2  4  0  2  4  2  4  5
 A                   546749                   546210   2.9305153965658028E-005       9027 #   1  2  2  4  2  2  4  2  4  5 ->   2  2  2  4  1  1  4  2  4  5
 A                   546749                   545400   5.8599577254508827E-005       9030 #   1  2  2  4  2  2  4  2  4  5 ->   2  2  2  4  1  2  3  2  4  5
 A                   546749                   540540   4.9245401550159828E-006       9121 #   1  2  2  4  2  2  4  2  4  5 ->   2  2  2  4  1  2  4  1  4  5
 A                   546749                   528390   1.7139901843804379E-006       9104 #   1  2  2  4  2  2  4  2  4  5 ->   2  2  2  4  1  2  4  2  3  5
 A                   546749                   455490   2.1423264409017631E-006       9104 #   1  2  2  4  2  2  4  2  4  5 ->   2  2  2  4  1  2  4  2  4  4
 A                   546749                   545940   5.5328598259390244E-006       9067 #   1  2  2  4  2  2  4  2  4  5 ->   2  2  2  4  2  0  4  2  4  5
 A                   546749                   545130   1.2023475498495635E-004       9070 #   1  2  2  4  2  2  4  2  4  5 ->   2  2  2  4  2  1  3  2  4  5
 A                   546749                   540270   2.3627696351871842E-006       9161 #   1  2  2  4  2  2  4  2  4  5 ->   2  2  2  4  2  1  4  1  4  5
 A                   546749                   528120   2.0219564167484944E-006       9144 #   1  2  2  4  2  2  4  2  4  5 ->   2  2  2  4  2  1  4  2  3  5
 A                   546749                   455220   6.9747252705626161E-006       9145 #   1  2  2  4  2  2  4  2  4  5 ->   2  2  2  4  2  1  4  2  4  4
 A                   546749                   544320   7.1147793358077558E-005       9073 #   1  2  2  4  2  2  4  2  4  5 ->   2  2  2  4  2  2  2  2  4  5
 A                   546749                   539460   4.7247062962687930E-006       9164 #   1  2  2  4  2  2  4  2  4  5 ->   2  2  2  4  2  2  3  1  4  5
 A                   546749                   527310   1.0442369155039295E-005       9147 #   1  2  2  4  2  2  4  2  4  5 ->   2  2  2  4  2  2  3  2  3  5
 A                   546749                   454410   8.6060826384882649E-006       9148 #   1  2  2  4  2  2  4  2  4  5 ->   2  2  2  4  2  2  3  2  4  4
 A                   546749                   534600   2.0180059253954667E-007       9256 #   1  2  2  4  2  2  4  2  4  5 ->   2  2  2  4  2  2  4  0  4  5
 A                   546749                   522450   1.3666566560005642E-007       9238 #   1  2  2  4  2  2  4  2  4  5 ->   2  2  2  4  2  2  4  1  3  5
 A                   546749                   449550   1.7081923938442094E-007       9239 #   1  2  2  4  2  2  4  2  4  5 ->   2  2  2  4  2  2  4  1  4  4
 A                   546749                   510300   2.9101200929955978E-009       9221 #   1  2  2  4  2  2  4  2  4  5 ->   2  2  2  4  2  2  4  2  2  5
 A                   546749                   437400   6.2270865145479774E-007       9222 #   1  2  2  4  2  2  4  2  4  5 ->   2  2  2  4  2  2  4  2  3  4
 A                   546749                   364500   1.2743948710412783E-007       9222 #   1  2  2  4  2  2  4  2  4  5 ->   2  2  2  4  2  2  4  2  4  3

 F                   546749                   546741   8.1129468052338390E-003       8221 #   1  2  2  4  2  2  4  2  4  5 ->   2  2  1  4  2  2  4  2  4  5
 F                   546749                   546723   1.6362136808577565E-002       8244 #   1  2  2  4  2  2  4  2  4  5 ->   2  2  2  3  2  2  4  2  4  5
 F                   546749                   546345   1.0196566849910091E-003       9181 #   1  2  2  4  2  2  4  2  4  5 ->   2  2  2  4  2  1  4  2  4  5
 F                   546749                   545535   2.0413255987214796E-003       9184 #   1  2  2  4  2  2  4  2  4  5 ->   2  2  2  4  2  2  3  2  4  5
 A                   546749                   546744   1.6816195458554915E-003       6930 #   1  2  2  4  2  2  4  2  4  5 ->   2  0  2  4  2  2  4  2  4  5
 A                   546749                   546738   1.9406536639223813E-003       7039 #   1  2  2  4  2  2  4  2  4  5 ->   2  1  1  4  2  2  4  2  4  5
 A                   546749                   546720   3.8739204760110642E-003       7062 #   1  2  2  4  2  2  4  2  4  5 ->   2  1  2  3  2  2  4  2  4  5
 A                   546749                   546612   4.5227172284692475E-004       7958 #   1  2  2  4  2  2  4  2  4  5 ->   2  1  2  4  1  2  4  2  4  5
 A                   546749                   546342   2.5163652971257216E-004       7998 #   1  2  2  4  2  2  4  2  4  5 ->   2  1  2  4  2  1  4  2  4  5
 A                   546749                   545532   5.0315260138449535E-004       8001 #   1  2  2  4  2  2  4  2  4  5 ->   2  1  2  4  2  2  3  2  4  5
 A                   546749                   540672   3.7127947565920638E-005       8093 #   1  2  2  4  2  2  4  2  4  5 ->   2  1  2  4  2  2  4  1  4  5
 A                   546749                   528522   1.6211941304503864E-005       8075 #   1  2  2  4  2  2  4  2  4  5 ->   2  1  2  4  2  2  4  2  3  5
 A                   546749                   455622   2.0263362035463602E-005       8076 #   1  2  2  4  2  2  4  2  4  5 ->   2  1  2  4  2  2  4  2  4  4
 A                   546749                   546732   3.8143282322722935E-004       7148 #   1  2  2  4  2  2  4  2  4  5 ->   2  2  0  4  2  2  4  2  4  5
 A                   546749                   546714   9.4817029033185604E-003       7171 #   1  2  2  4  2  2  4  2  4  5 ->   2  2  1  3  2  2  4  2  4  5
 A                   546749                   546606   2.2525122654207524E-004       8067 #   1  2  2  4  2  2  4  2  4  5 ->   2  2  1  4  1  2  4  2  4  5
 A                   546749                   546336   9.4177652999068178E-005       8108 #   1  2  2  4  2  2  4  2  4  5 ->   2  2  1  4  2  1  4  2  4  5
 A                   546749                   545526   1.0656831841012119E-003       8111 #   1  2  2  4  2  2  4  2  4  5 ->   2  2  1  4  2  2  3  2  4  5
 A                   546749                   540666   1.8155804454907878E-005       8202 #   1  2  2  4  2  2  4  2  4  5 ->   2  2  1  4  2  2  4  1  4  5
 A                   546749                   528516   2.3401053992432438E-005       8185 #   1  2  2  4  2  2  4  2  4  5 ->   2  2  1  4  2  2  4  2  3  5
 A                   546749                   455616   7.5851922984250623E-005       8185 #   1  2  2  4  2  2  4  2  4  5 ->   2  2  1  4  2  2  4  2  4  4
 A                   546749                   546696   5.4783964980034934E-003       7194 #   1  2  2  4  2  2  4  2  4  5 ->   2  2  2  2  2  2  4  2  4  5
 A                   546749                   546588   4.4987762346007047E-004       8090 #   1  2  2  4  2  2  4  2  4  5 ->   2  2  2  3  1  2  4  2  4  5
 A                   546749                   546318   1.0625239567543061E-003       8131 #   1  2  2  4  2  2  4  2  4  5 ->   2  2  2  3  2  1  4  2  4  5
 A                   546749                   545508   1.2495079443449646E-003       8134 #   1  2  2  4  2  2  4  2  4  5 ->   2  2  2  3  2  2  3  2  4  5
 A                   546749                   540648   3.6263645733201185E-005       8225 #   1  2  2  4  2  2  4  2  4  5 ->   2  2  2  3  2  2  4  1  4  5
 A                   546749                   528498   1.1329096966135907E-004       8208 #   1  2  2  4  2  2  4  2  4  5 ->   2  2  2  3  2  2  4  2  3  5
 A                   546749                   455598   9.5189441432564316E-005       8208 #   1  2  2  4  2  2  4  2  4  5 ->   2  2  2  3  2  2  4  2  4  4
 A                   546749                   546480   3.0037986349462705E-005       8987 #   1  2  2  4  2  2  4  2  4  5 ->   2  2  2  4  0  2  4  2  4  5
 A                   546749                   546210   2.9305153965658028E-005       9027 #   1  2  2  4  2  2  4  2  4  5 ->   2  2  2  4  1  1  4  2  4  5
 A                   546749                   545400   5.8599577254508827E-005       9030 #   1  2  2  4  2  2  4  2  4  5 ->   2  2  2  4  1  2  3  2  4  5
 A                   546749                   540540   4.9245401550159828E-006       9121 #   1  2  2  4  2  2  4  2  4  5 ->   2  2  2  4  1  2  4  1  4  5
 A                   546749                   528390   1.7139901843804379E-006       9104 #   1  2  2  4  2  2  4  2  4  5 ->   2  2  2  4  1  2  4  2  3  5
 A                   546749                   455490   2.1423264409017631E-006       9104 #   1  2  2  4  2  2  4  2  4  5 ->   2  2  2  4  1  2  4  2  4  4
 A                   546749                   545940   5.5328598259390244E-006       9067 #   1  2  2  4  2  2  4  2  4  5 ->   2  2  2  4  2  0  4  2  4  5
 A                   546749                   545130   1.2023475498495635E-004       9070 #   1  2  2  4  2  2  4  2  4  5 ->   2  2  2  4  2  1  3  2  4  5
 A                   546749                   540270   2.3627696351871842E-006       9161 #   1  2  2  4  2  2  4  2  4  5 ->   2  2  2  4  2  1  4  1  4  5
 A                   546749                   528120   2.0219564167484944E-006       9144 #   1  2  2  4  2  2  4  2  4  5 ->   2  2  2  4  2  1  4  2  3  5
 A                   546749                   455220   6.9747252705626161E-006       9145 #   1  2  2  4  2  2  4  2  4  5 ->   2  2  2  4  2  1  4  2  4  4
 A                   546749                   544320   7.1147793358077558E-005       9073 #   1  2  2  4  2  2  4  2  4  5 ->   2  2  2  4  2  2  2  2  4  5
 A                   546749                   539460   4.7247062962687930E-006       9164 #   1  2  2  4  2  2  4  2  4  5 ->   2  2  2  4  2  2  3  1  4  5
 A                   546749                   527310   1.0442369155039295E-005       9147 #   1  2  2  4  2  2  4  2  4  5 ->   2  2  2  4  2  2  3  2  3  5
 A                   546749                   454410   8.6060826384882649E-006       9148 #   1  2  2  4  2  2  4  2  4  5 ->   2  2  2  4  2  2  3  2  4  4
 A                   546749                   534600   2.0180059253954667E-007       9256 #   1  2  2  4  2  2  4  2  4  5 ->   2  2  2  4  2  2  4  0  4  5
 A                   546749                   522450   1.3666566560005642E-007       9238 #   1  2  2  4  2  2  4  2  4  5 ->   2  2  2  4  2  2  4  1  3  5
 A                   546749                   449550   1.7081923938442094E-007       9239 #   1  2  2  4  2  2  4  2  4  5 ->   2  2  2  4  2  2  4  1  4  4
 A                   546749                   510300   2.9101200929955978E-009       9221 #   1  2  2  4  2  2  4  2  4  5 ->   2  2  2  4  2  2  4  2  2  5
 A                   546749                   437400   6.2270865145479774E-007       9222 #   1  2  2  4  2  2  4  2  4  5 ->   2  2  2  4  2  2  4  2  3  4
 A                   546749                   364500   1.2743948710412783E-007       9222 #   1  2  2  4  2  2  4  2  4  5 ->   2  2  2  4  2  2  4  2  4  3

 P                   546723                   546720   8.9921044766350208E-005       6892 #   2  2  2  3  2  2  4  2  4  5 ->   2  1  2  3  2  2  4  2  4  5
 P                   546723                   546714   2.5502186156763460E-005       7012 #   2  2  2  3  2  2  4  2  4  5 ->   2  2  1  3  2  2  4  2  4  5
 P                   546723                   546696   3.7813886806391530E-005       7033 #   2  2  2  3  2  2  4  2  4  5 ->   2  2  2  2  2  2  4  2  4  5
 P                   546723                   546588   1.3300829497737897E-005       7897 #   2  2  2  3  2  2  4  2  4  5 ->   2  2  2  3  1  2  4  2  4  5
 P                   546723                   546318   3.3655128789263204E-006       7938 #   2  2  2  3  2  2  4  2  4  5 ->   2  2  2  3  2  1  4  2  4  5
 P                   546723                   545508   6.7208284455700208E-006       7940 #   2  2  2  3  2  2  4  2  4  5 ->   2  2  2  3  2  2  3  2  4  5
 V                   546723                   540648   1.1021504411626165E-006       8029 #   2  2  2  3  2  2  4  2  4  5 ->   2  2  2  3  2  2  4  1  4  5
 P                   546723                   528498   2.1176427600169461E-007       8011 #   2  2  2  3  2  2  4  2  4  5 ->   2  2  2  3  2  2  4  2  3  5
 P                   546723                   455598   2.6462975245140954E-007       8011 #   2  2  2  3  2  2  4  2  4  5 ->   2  2  2  3  2  2  4  2  4  4

 P                   546741                   546738   8.9921044766350208E-005       6892 #   2  2  1  4  2  2  4  2  4  5 ->   2  1  1  4  2  2  4  2  4  5
 P                   546741                   546732   1.2751093078381730E-005       7012 #   2  2  1  4  2  2  4  2  4  5 ->   2  2  0  4  2  2  4  2  4  5
 P                   546741                   546714   5.0418515741855368E-005       7033 #   2  2  1  4  2  2  4  2  4  5 ->   2  2  1  3  2  2  4  2  4  5
 P                   546741                   546606   1.3300829497737897E-005       7897 #   2  2  1  4  2  2  4  2  4  5 ->   2  2  1  4  1  2  4  2  4  5
 P                   546741                   546336   3.3655128789263204E-006       7938 #   2  2  1  4  2  2  4  2  4  5 ->   2  2  1  4  2  1  4  2  4  5
 P                   546741                   545526   6.7208284455700208E-006       7940 #   2  2  1  4  2  2  4  2  4  5 ->   2  2  1  4  2  2  3  2  4  5
 V                   546741                   540666   1.1021504411626165E-006       8029 #   2  2  1  4  2  2  4  2  4  5 ->   2  2  1  4  2  2  4  1  4  5
 P                   546741                   528516   2.1176427600169461E-007       8011 #   2  2  1  4  2  2  4  2  4  5 ->   2  2  1  4  2  2  4  2  3  5
 P                   546741                   455616   2.6462975245140954E-007       8011 #   2  2  1  4  2  2  4  2  4  5 ->   2  2  1  4  2  2  4  2  4  4

 P                   546749                   546746   9.3287681424958550E-005       6866 #   1  2  2  4  2  2  4  2  4  5 ->   1  1  2  4  2  2  4  2  4  5
 P                   546749                   546740   2.8178289200759325E-005       6975 #   1  2  2  4  2  2  4  2  4  5 ->   1  2  1  4  2  2  4  2  4  5
 P                   546749                   546722   5.5659222644995238E-005       6998 #   1  2  2  4  2  2  4  2  4  5 ->   1  2  2  3  2  2  4  2  4  5
 P                   546749                   546614   1.3615371265456181E-005       7894 #   1  2  2  4  2  2  4  2  4  5 ->   1  2  2  4  1  2  4  2  4  5
 P                   546749                   546344   3.6186951939975859E-006       7935 #   1  2  2  4  2  2  4  2  4  5 ->   1  2  2  4  2  1  4  2  4  5
 P                   546749                   545534   7.2258322775772331E-006       7938 #   1  2  2  4  2  2  4  2  4  5 ->   1  2  2  4  2  2  3  2  4  5
 V                   546749                   540674   1.1279657268134955E-006       8029 #   1  2  2  4  2  2  4  2  4  5 ->   1  2  2  4  2  2  4  1  4  5
 P                   546749                   528524   2.2978357903273380E-007       8012 #   1  2  2  4  2  2  4  2  4  5 ->   1  2  2  4  2  2  4  2  3  5
 P                   546749                   455624   2.8714574860216372E-007       8012 #   1  2  2  4  2  2  4  2  4  5 ->   1  2  2  4  2  2  4  2  4  4

 F                   546720                   546714   5.5768607808268045E-007        114 #   2  1  2  3  2  2  4  2  4  5 ->   2  2  1  3  2  2  4  2  4  5
 F                   546720                   546696   1.4117090046379226E-006        136 #   2  1  2  3  2  2  4  2  4  5 ->   2  2  2  2  2  2  4  2  4  5
 F                   546720                   546318   7.7574101409841597E-005       1075 #   2  1  2  3  2  2  4  2  4  5 ->   2  2  2  3  2  1  4  2  4  5
 F                   546720                   545508   1.5648793147150512E-004       1078 #   2  1  2  3  2  2  4  2  4  5 ->   2  2  2  3  2  2  3  2  4  5
 F                   546720                   546612   1.2185897471221147E-005        898 #   2  1  2  3  2  2  4  2  4  5 ->   2  1  2  4  1  2  4  2  4  5
 F                   546720                   540672   1.3229941617292337E-006       1044 #   2  1  2  3  2  2  4  2  4  5 ->   2  1  2  4  2  2  4  1  4  5
 F                   546720                   528522   3.2934027480538570E-005       1013 #   2  1  2  3  2  2  4  2  4  5 ->   2  1  2  4  2  2  4  2  3  5
 F                   546720                   455622   2.4739378051183593E-004       1014 #   2  1  2  3  2  2  4  2  4  5 ->   2  1  2  4  2  2  4  2  4  4
 A                   546720                   540639   2.4965293459905486E-003         83 #   2  1  2  3  2  2  4  2  4  5 ->   2  2  1  3  2  2  4  1  4  5
 A                   546720                   528489   1.8153290390415432E-002         52 #   2  1  2  3  2  2  4  2  4  5 ->   2  2  1  3  2  2  4  2  3  5
 A                   546720                   455589   2.4170338212345661E-002         53 #   2  1  2  3  2  2  4  2  4  5 ->   2  2  1  3  2  2  4  2  4  4
 A                   546720                   545481   4.1833116431615212E-002          3 #   2  1  2  3  2  2  4  2  4  5 ->   2  2  2  2  2  2  3  2  4  5
 A                   546720                   540621   3.3175342601072942E-003        104 #   2  1  2  3  2  2  4  2  4  5 ->   2  2  2  2  2  2  4  1  4  5
 A                   546720                   528471   3.5263049535531998E-002         74 #   2  1  2  3  2  2  4  2  4  5 ->   2  2  2  2  2  2  4  2  3  5
 A                   546720                   455571   4.2506912453405890E-002         74 #   2  1  2  3  2  2  4  2  4  5 ->   2  2  2  2  2  2  4  2  4  4
 A                   546720                   546453   9.7288115876937524E-004        858 #   2  1  2  3  2  2  4  2  4  5 ->   2  2  2  3  0  2  4  2  4  5
 A                   546720                   546183   1.8097835158766644E-003        898 #   2  1  2  3  2  2  4  2  4  5 ->   2  2  2  3  1  1  4  2  4  5
 A                   546720                   545373   3.6103800836568790E-003        901 #   2  1  2  3  2  2  4  2  4  5 ->   2  2  2  3  1  2  3  2  4  5
 A                   546720                   540513   1.8109814560028737E-004       1003 #   2  1  2  3  2  2  4  2  4  5 ->   2  2  2  3  1  2  4  1  4  5
 A                   546720                   528363   2.4728525011735916E-003        972 #   2  1  2  3  2  2  4  2  4  5 ->   2  2  2  3  1  2  4  2  3  5
 A                   546720                   455463   3.0893544479561829E-003        973 #   2  1  2  3  2  2  4  2  4  5 ->   2  2  2  3  1  2  4  2  4  4
 A                   546720                   545913   2.4298023343610377E-005        939 #   2  1  2  3  2  2  4  2  4  5 ->   2  2  2  3  2  0  4  2  4  5
 A                   546720                   545103   9.8968988184004695E-005        942 #   2  1  2  3  2  2  4  2  4  5 ->   2  2  2  3  2  1  3  2  4  5
 A                   546720                   540243   1.4579034846747785E-004       1043 #   2  1  2  3  2  2  4  2  4  5 ->   2  2  2  3  2  1  4  1  4  5
 A                   546720                   528093   2.9986868447670070E-005       1013 #   2  1  2  3  2  2  4  2  4  5 ->   2  2  2  3  2  1  4  2  3  5
 A                   546720                   455193   5.8649714442885359E-004       1013 #   2  1  2  3  2  2  4  2  4  5 ->   2  2  2  3  2  1  4  2  4  4
 A                   546720                   544293   9.8483299171250841E-005        945 #   2  1  2  3  2  2  4  2  4  5 ->   2  2  2  3  2  2  2  2  4  5
 A                   546720                   539433   2.9090792644978790E-004       1047 #   2  1  2  3  2  2  4  2  4  5 ->   2  2  2  3  2  2  3  1  4  5
 A                   546720                   527283   8.4223108558657107E-004       1016 #   2  1  2  3  2  2  4  2  4  5 ->   2  2  2  3  2  2  3  2  3  5
 A                   546720                   454383   5.0780817275770040E-004       1016 #   2  1  2  3  2  2  4  2  4  5 ->   2  2  2  3  2  2  3  2  4  4
 A                   546720                   534573   8.2145343726755135E-006       1148 #   2  1  2  3  2  2  4  2  4  5 ->   2  2  2  3  2  2  4  0  4  5
 A                   546720                   522423   1.9385277590000034E-004       1118 #   2  1  2  3  2  2  4  2  4  5 ->   2  2  2  3  2  2  4  1  3  5
 A                   546720                   449523   2.4220758605514255E-004       1118 #   2  1  2  3  2  2  4  2  4  5 ->   2  2  2  3  2  2  4  1  4  4
 A                   546720                   510273   9.1530629558957957E-005       1087 #   2  1  2  3  2  2  4  2  4  5 ->   2  2  2  3  2  2  4  2  2  5
 A                   546720                   437373   3.8909414111898280E-003       1088 #   2  1  2  3  2  2  4  2  4  5 ->   2  2  2  3  2  2  4  2  3  4
 A                   546720                   364473   8.6934388703791628E-004       1088 #   2  1  2  3  2  2  4  2  4  5 ->   2  2  2  3  2  2  4  2  4  3
 A                   546720                   546477   8.5573431960453614E-005        722 #   2  1  2  3  2  2  4  2  4  5 ->   2  1  2  4  0  2  4  2  4  5
 A                   546720                   546207   7.0047497769654016E-005        762 #   2  1  2  3  2  2  4  2  4  5 ->   2  1  2  4  1  1  4  2  4  5
 A                   546720                   545397   1.6160176290942972E-003        765 #   2  1  2  3  2  2  4  2  4  5 ->   2  1  2  4  1  2  3  2  4  5
 A                   546720                   540537   1.5323866308500995E-005        867 #   2  1  2  3  2  2  4  2  4  5 ->   2  1  2  4  1  2  4  1  4  5
 A                   546720                   528387   1.3850772873400360E-004        836 #   2  1  2  3  2  2  4  2  4  5 ->   2  1  2  4  1  2  4  2  3  5
 A                   546720                   455487   1.1656284203488131E-004        837 #   2  1  2  3  2  2  4  2  4  5 ->   2  1  2  4  1  2  4  2  4  4
 A                   546720                   545937   2.7099194371774450E-005        803 #   2  1  2  3  2  2  4  2  4  5 ->   2  1  2  4  2  0  4  2  4  5
 A                   546720                   545127   2.5403616018596122E-003        806 #   2  1  2  3  2  2  4  2  4  5 ->   2  1  2  4  2  1  3  2  4  5
 A                   546720                   540267   6.5986118015053786E-006        907 #   2  1  2  3  2  2  4  2  4  5 ->   2  1  2  4  2  1  4  1  4  5
 A                   546720                   528117   1.6506759337723854E-004        877 #   2  1  2  3  2  2  4  2  4  5 ->   2  1  2  4  2  1  4  2  3  5
 A                   546720                   455217   1.2585475306855075E-003        877 #   2  1  2  3  2  2  4  2  4  5 ->   2  1  2  4  2  1  4  2  4  4
 A                   546720                   544317   3.8494635527477651E-003        809 #   2  1  2  3  2  2  4  2  4  5 ->   2  1  2  4  2  2  2  2  4  5
 A                   546720                   539457   1.7026744765444134E-004        910 #   2  1  2  3  2  2  4  2  4  5 ->   2  1  2  4  2  2  3  1  4  5
 A                   546720                   527307   3.1759496055803727E-003        880 #   2  1  2  3  2  2  4  2  4  5 ->   2  1  2  4  2  2  3  2  3  5
 A                   546720                   454407   4.1802848462011103E-003        880 #   2  1  2  3  2  2  4  2  4  5 ->   2  1  2  4  2  2  3  2  4  4
 A                   546720                   534597   6.8272927780128115E-007       1012 #   2  1  2  3  2  2  4  2  4  5 ->   2  1  2  4  2  2  4  0  4  5
 A                   546720                   522447   1.3521040599333858E-005        982 #   2  1  2  3  2  2  4  2  4  5 ->   2  1  2  4  2  2  4  1  3  5
 A                   546720                   449547   1.1735186834296691E-005        982 #   2  1  2  3  2  2  4  2  4  5 ->   2  1  2  4  2  2  4  1  4  4
 A                   546720                   510297   3.8059877177844481E-004        951 #   2  1  2  3  2  2  4  2  4  5 ->   2  1  2  4  2  2  4  2  2  5
 A                   546720                   437397   6.3826566562354536E-003        952 #   2  1  2  3  2  2  4  2  4  5 ->   2  1  2  4  2  2  4  2  3  4
 A                   546720                   364497   3.5092268308608253E-003        952 #   2  1  2  3  2  2  4  2  4  5 ->   2  1  2  4  2  2  4  2  4  3

 F                   546746                   546738   8.2830521285638635E-003       8245 #   1  1  2  4  2  2  4  2  4  5 ->   2  1  1  4  2  2  4  2  4  5
 F                   546746                   546720   1.6707900921402768E-002       8268 #   1  1  2  4  2  2  4  2  4  5 ->   2  1  2  3  2  2  4  2  4  5
 F                   546746                   546342   1.0939057538655354E-003       9240 #   1  1  2  4  2  2  4  2  4  5 ->   2  1  2  4  2  1  4  2  4  5
 F                   546746                   545532   2.1901222473733597E-003       9244 #   1  1  2  4  2  2  4  2  4  5 ->   2  1  2  4  2  2  3  2  4  5
 F                   546746                   546740   4.0249879324760809E-007        104 #   1  1  2  4  2  2  4  2  4  5 ->   1  2  1  4  2  2  4  2  4  5
 F                   546746                   546722   1.4835435912462555E-006        127 #   1  1  2  4  2  2  4  2  4  5 ->   1  2  2  3  2  2  4  2  4  5
 F                   546746                   546344   8.3490654540511908E-005       1099 #   1  1  2  4  2  2  4  2  4  5 ->   1  2  2  4  2  1  4  2  4  5
 F                   546746                   545534   1.6846774648428115E-004       1102 #   1  1  2  4  2  2  4  2  4  5 ->   1  2  2  4  2  2  3  2  4  5
 A                   546746                   546735   1.0000574026671170E-003       7006 #   1  1  2  4  2  2  4  2  4  5 ->   2  0  1  4  2  2  4  2  4  5
 A                   546746                   546717   1.9962534016289965E-003       7030 #   1  1  2  4  2  2  4  2  4  5 ->   2  0  2  3  2  2  4  2  4  5
 A                   546746                   546609   2.4044189215133654E-004       7962 #   1  1  2  4  2  2  4  2  4  5 ->   2  0  2  4  1  2  4  2  4  5
 A                   546746                   546339   1.3647276660774783E-004       8002 #   1  1  2  4  2  2  4  2  4  5 ->   2  0  2  4  2  1  4  2  4  5
 A                   546746                   545529   2.7287568668862806E-004       8005 #   1  1  2  4  2  2  4  2  4  5 ->   2  0  2  4  2  2  3  2  4  5
 A                   546746                   540669   2.5168649067335222E-005       8109 #   1  1  2  4  2  2  4  2  4  5 ->   2  0  2  4  2  2  4  1  4  5
 A                   546746                   528519   1.0371385426070140E-005       8080 #   1  1  2  4  2  2  4  2  4  5 ->   2  0  2  4  2  2  4  2  3  5
 A                   546746                   455619   1.2963007173438970E-005       8080 #   1  1  2  4  2  2  4  2  4  5 ->   2  0  2  4  2  2  4  2  4  4
 A                   546746                   546729   3.9514758238160951E-004       7110 #   1  1  2  4  2  2  4  2  4  5 ->   2  1  0  4  2  2  4  2  4  5
 A                   546746                   546711   9.7949723955635011E-003       7134 #   1  1  2  4  2  2  4  2  4  5 ->   2  1  1  3  2  2  4  2  4  5
 A                   546746                   546603   2.3903321187588745E-004       8066 #   1  1  2  4  2  2  4  2  4  5 ->   2  1  1  4  1  2  4  2  4  5
 A                   546746                   546333   1.0253504698656329E-004       8106 #   1  1  2  4  2  2  4  2  4  5 ->   2  1  1  4  2  1  4  2  4  5
 A                   546746                   545523   1.1534706140621240E-003       8109 #   1  1  2  4  2  2  4  2  4  5 ->   2  1  1  4  2  2  3  2  4  5
 A                   546746                   540663   2.4526067223606797E-005       8213 #   1  1  2  4  2  2  4  2  4  5 ->   2  1  1  4  2  2  4  1  4  5
 A                   546746                   528513   2.9982492633951924E-005       8184 #   1  1  2  4  2  2  4  2  4  5 ->   2  1  1  4  2  2  4  2  3  5
 A                   546746                   455613   9.7125811871584801E-005       8184 #   1  1  2  4  2  2  4  2  4  5 ->   2  1  1  4  2  2  4  2  4  4
 A                   546746                   546693   5.6611798177427369E-003       7157 #   1  1  2  4  2  2  4  2  4  5 ->   2  1  2  2  2  2  4  2  4  5
 A                   546746                   546585   4.7740164218073629E-004       8089 #   1  1  2  4  2  2  4  2  4  5 ->   2  1  2  3  1  2  4  2  4  5
 A                   546746                   546315   1.1500365412758942E-003       8129 #   1  1  2  4  2  2  4  2  4  5 ->   2  1  2  3  2  1  4  2  4  5
 A                   546746                   545505   1.3535626081481210E-003       8132 #   1  1  2  4  2  2  4  2  4  5 ->   2  1  2  3  2  2  3  2  4  5
 A                   546746                   540645   4.8987424216191238E-005       8237 #   1  1  2  4  2  2  4  2  4  5 ->   2  1  2  3  2  2  4  1  4  5
 A                   546746                   528495   1.4506162694477090E-004       8207 #   1  1  2  4  2  2  4  2  4  5 ->   2  1  2  3  2  2  4  2  3  5
 A                   546746                   455595   1.2190268093704611E-004       8208 #   1  1  2  4  2  2  4  2  4  5 ->   2  1  2  3  2  2  4  2  4  4
 A                   546746                   546477   3.2978857925177530E-005       9021 #   1  1  2  4  2  2  4  2  4  5 ->   2  1  2  4  0  2  4  2  4  5
 A                   546746                   546207   3.2731659762323430E-005       9061 #   1  1  2  4  2  2  4  2  4  5 ->   2  1  2  4  1  1  4  2  4  5
 A                   546746                   545397   6.5450625336611152E-005       9064 #   1  1  2  4  2  2  4  2  4  5 ->   2  1  2  4  1  2  3  2  4  5
 A                   546746                   540537   6.8928622628616199E-006       9168 #   1  1  2  4  2  2  4  2  4  5 ->   2  1  2  4  1  2  4  1  4  5
 A                   546746                   528387   2.2530499438808074E-006       9139 #   1  1  2  4  2  2  4  2  4  5 ->   2  1  2  4  1  2  4  2  3  5
 A                   546746                   455487   2.8160532607632189E-006       9140 #   1  1  2  4  2  2  4  2  4  5 ->   2  1  2  4  1  2  4  2  4  4
 A                   546746                   545937   6.3114105169810444E-006       9101 #   1  1  2  4  2  2  4  2  4  5 ->   2  1  2  4  2  0  4  2  4  5
 A                   546746                   545127   1.3639439680582978E-004       9104 #   1  1  2  4  2  2  4  2  4  5 ->   2  1  2  4  2  1  3  2  4  5
 A                   546746                   540267   3.3595181151203150E-006       9209 #   1  1  2  4  2  2  4  2  4  5 ->   2  1  2  4  2  1  4  1  4  5
 A                   546746                   528117   2.6930694083885773E-006       9179 #   1  1  2  4  2  2  4  2  4  5 ->   2  1  2  4  2  1  4  2  3  5
 A                   546746                   455217   9.3050312486351507E-006       9180 #   1  1  2  4  2  2  4  2  4  5 ->   2  1  2  4  2  1  4  2  4  4
 A                   546746                   544317   8.0777296841361376E-005       9107 #   1  1  2  4  2  2  4  2  4  5 ->   2  1  2  4  2  2  2  2  4  5
 A                   546746                   539457   6.7177891939759102E-006       9212 #   1  1  2  4  2  2  4  2  4  5 ->   2  1  2  4  2  2  3  1  4  5
 A                   546746                   527307   1.3930064757273097E-005       9182 #   1  1  2  4  2  2  4  2  4  5 ->   2  1  2  4  2  2  3  2  3  5
 A                   546746                   454407   1.1474128448364645E-005       9183 #   1  1  2  4  2  2  4  2  4  5 ->   2  1  2  4  2  2  3  2  4  4
 A                   546746                   534597   3.6009020564375530E-007       9316 #   1  1  2  4  2  2  4  2  4  5 ->   2  1  2  4  2  2  4  0  4  5
 A                   546746                   522447   2.2847039669562540E-007       9287 #   1  1  2  4  2  2  4  2  4  5 ->   2  1  2  4  2  2  4  1  3  5
 A                   546746                   449547   2.8556174878207496E-007       9287 #   1  1  2  4  2  2  4  2  4  5 ->   2  1  2  4  2  2  4  1  4  4
 A                   546746                   510297   4.6201951438645916E-009       9257 #   1  1  2  4  2  2  4  2  4  5 ->   2  1  2  4  2  2  4  2  2  5
 A                   546746                   437397   9.7982343400467521E-007       9258 #   1  1  2  4  2  2  4  2  4  5 ->   2  1  2  4  2  2  4  2  3  4
 A                   546746                   364497   2.0056117702857611E-007       9258 #   1  1  2  4  2  2  4  2  4  5 ->   2  1  2  4  2  2  4  2  4  3
 A                   546746                   540665   2.6146285273928446E-003         72 #   1  1  2  4  2  2  4  2  4  5 ->   1  2  1  4  2  2  4  1  4  5
 A                   546746                   528515   1.5638424351938039E-002         42 #   1  1  2  4  2  2  4  2  4  5 ->   1  2  1  4  2  2  4  2  3  5
 A                   546746                   455615   2.0426961337653295E-002         43 #   1  1  2  4  2  2  4  2  4  5 ->   1  2  1  4  2  2  4  2  4  4
 A                   546746                   540647   4.5537067657443666E-003         95 #   1  1  2  4  2  2  4  2  4  5 ->   1  2  2  3  2  2  4  1  4  5
 A                   546746                   528497   4.1989621807438614E-002         66 #   1  1  2  4  2  2  4  2  4  5 ->   1  2  2  3  2  2  4  2  3  5
 A                   546746                   455597   5.1041929822856741E-002         66 #   1  1  2  4  2  2  4  2  4  5 ->   1  2  2  3  2  2  4  2  4  4
 A                   546746                   546479   9.5688774755600702E-004        880 #   1  1  2  4  2  2  4  2  4  5 ->   1  2  2  4  0  2  4  2  4  5
 A                   546746                   546209   1.7856793981188852E-003        920 #   1  1  2  4  2  2  4  2  4  5 ->   1  2  2  4  1  1  4  2  4  5
 A                   546746                   545399   3.5620004912304813E-003        923 #   1  1  2  4  2  2  4  2  4  5 ->   1  2  2  4  1  2  3  2  4  5
 A                   546746                   540539   1.7771195448671375E-004       1027 #   1  1  2  4  2  2  4  2  4  5 ->   1  2  2  4  1  2  4  1  4  5
 A                   546746                   528389   2.3956374208073238E-003        998 #   1  1  2  4  2  2  4  2  4  5 ->   1  2  2  4  1  2  4  2  3  5
 A                   546746                   455489   2.9928715118577869E-003        998 #   1  1  2  4  2  2  4  2  4  5 ->   1  2  2  4  1  2  4  2  4  4
 A                   546746                   545939   2.0486993462125468E-005        960 #   1  1  2  4  2  2  4  2  4  5 ->   1  2  2  4  2  0  4  2  4  5
 A                   546746                   545129   1.1165772787083331E-004        963 #   1  1  2  4  2  2  4  2  4  5 ->   1  2  2  4  2  1  3  2  4  5
 A                   546746                   540269   1.4366972134710767E-004       1067 #   1  1  2  4  2  2  4  2  4  5 ->   1  2  2  4  2  1  4  1  4  5
 A                   546746                   528119   2.8326573378935334E-005       1038 #   1  1  2  4  2  2  4  2  4  5 ->   1  2  2  4  2  1  4  2  3  5
 A                   546746                   455219   6.2122528042039262E-004       1038 #   1  1  2  4  2  2  4  2  4  5 ->   1  2  2  4  2  1  4  2  4  4
 A                   546746                   544319   9.7217666712344676E-005        966 #   1  1  2  4  2  2  4  2  4  5 ->   1  2  2  4  2  2  2  2  4  5
 A                   546746                   539459   2.8665545301120258E-004       1071 #   1  1  2  4  2  2  4  2  4  5 ->   1  2  2  4  2  2  3  1  4  5
 A                   546746                   527309   8.9141000034442266E-004       1041 #   1  1  2  4  2  2  4  2  4  5 ->   1  2  2  4  2  2  3  2  3  5
 A                   546746                   454409   5.3279834678210348E-004       1042 #   1  1  2  4  2  2  4  2  4  5 ->   1  2  2  4  2  2  3  2  4  4
 A                   546746                   534599   8.0470526699153984E-006       1175 #   1  1  2  4  2  2  4  2  4  5 ->   1  2  2  4  2  2  4  0  4  5
 A                   546746                   522449   1.8764465131593420E-004       1145 #   1  1  2  4  2  2  4  2  4  5 ->   1  2  2  4  2  2  4  1  3  5
 A                   546746                   449549   2.3444961166014700E-004       1146 #   1  1  2  4  2  2  4  2  4  5 ->   1  2  2  4  2  2  4  1  4  4
 A                   546746                   510299   8.5659511199787607E-005       1116 #   1  1  2  4  2  2  4  2  4  5 ->   1  2  2  4  2  2  4  2  2  5
 A                   546746                   437399   3.6937294321200014E-003       1116 #   1  1  2  4  2  2  4  2  4  5 ->   1  2  2  4  2  2  4  2  3  4
 A                   546746                   364499   8.2404758352958257E-004       1117 #   1  1  2  4  2  2  4  2  4  5 ->   1  2  2  4  2  2  4  2  4  3

 P                   546720                   546717   4.5863417074109723E-005       6837 #   2  1  2  3  2  2  4  2  4  5 ->   2  0  2  3  2  2  4  2  4  5
 P                   546720                   546711   2.6160150702074003E-005       6951 #   2  1  2  3  2  2  4  2  4  5 ->   2  1  1  3  2  2  4  2  4  5
 P                   546720                   546693   3.8778648735497790E-005       6973 #   2  1  2  3  2  2  4  2  4  5 ->   2  1  2  2  2  2  4  2  4  5
 P                   546720                   546585   1.4052166286518464E-005       7871 #   2  1  2  3  2  2  4  2  4  5 ->   2  1  2  3  1  2  4  2  4  5
 P                   546720                   546315   3.6360477998440449E-006       7912 #   2  1  2  3  2  2  4  2  4  5 ->   2  1  2  3  2  1  4  2  4  5
 P                   546720                   545505   7.2602111961366611E-006       7915 #   2  1  2  3  2  2  4  2  4  5 ->   2  1  2  3  2  2  3  2  4  5
 V                   546720                   540645   1.4911812057125194E-006       8016 #   2  1  2  3  2  2  4  2  4  5 ->   2  1  2  3  2  2  4  1  4  5
 P                   546720                   528495   2.7042395659754428E-007       7986 #   2  1  2  3  2  2  4  2  4  5 ->   2  1  2  3  2  2  4  2  3  5
 P                   546720                   455595   3.3791092725584711E-007       7986 #   2  1  2  3  2  2  4  2  4  5 ->   2  1  2  3  2  2  4  2  4  4

 P                   546746                   546743   4.7559348564787937E-005       6809 #   1  1  2  4  2  2  4  2  4  5 ->   1  0  2  4  2  2  4  2  4  5
 P                   546746                   546737   2.8866183970085020E-005       6913 #   1  1  2  4  2  2  4  2  4  5 ->   1  1  1  4  2  2  4  2  4  5
 P                   546746                   546719   5.7001676864837215E-005       6937 #   1  1  2  4  2  2  4  2  4  5 ->   1  1  2  3  2  2  4  2  4  5
 P                   546746                   546611   1.4369577284918584E-005       7868 #   1  1  2  4  2  2  4  2  4  5 ->   1  1  2  4  1  2  4  2  4  5
 P                   546746                   546341   3.9013902364070546E-006       7909 #   1  1  2  4  2  2  4  2  4  5 ->   1  1  2  4  2  1  4  2  4  5
 P                   546746                   545531   7.7893633972752887E-006       7912 #   1  1  2  4  2  2  4  2  4  5 ->   1  1  2  4  2  2  3  2  4  5
 V                   546746                   540671   1.5195191158997794E-006       8016 #   1  1  2  4  2  2  4  2  4  5 ->   1  1  2  4  2  2  4  1  4  5
 P                   546746                   528521   2.9438052276051553E-007       7987 #   1  1  2  4  2  2  4  2  4  5 ->   1  1  2  4  2  2  4  2  3  5
 P                   546746                   455621   3.6784285470049950E-007       7987 #   1  1  2  4  2  2  4  2  4  5 ->   1  1  2  4  2  2  4  2  4  4

 F                   546738                   546732   2.7884303904134022E-007        114 #   2  1  1  4  2  2  4  2  4  5 ->   2  2  0  4  2  2  4  2  4  5
 F                   546738                   546714   1.8822786728505633E-006        136 #   2  1  1  4  2  2  4  2  4  5 ->   2  2  1  3  2  2  4  2  4  5
 F                   546738                   546336   7.7574101409841597E-005       1075 #   2  1  1  4  2  2  4  2  4  5 ->   2  2  1  4  2  1  4  2  4  5
 F                   546738                   545526   1.5648793147150512E-004       1078 #   2  1  1  4  2  2  4  2  4  5 ->   2  2  1  4  2  2  3  2  4  5
 F                   546738                   546612   1.3093391146725786E-005        920 #   2  1  1  4  2  2  4  2  4  5 ->   2  1  2  4  1  2  4  2  4  5
 F                   546738                   540672   1.4075193868241979E-006       1066 #   2  1  1  4  2  2  4  2  4  5 ->   2  1  2  4  2  2  4  1  4  5
 F                   546738                   528522   3.5102998933583265E-004       1035 #   2  1  1  4  2  2  4  2  4  5 ->   2  1  2  4  2  2  4  2  3  5
 A                   546738                   540657   1.2482646729952743E-003         83 #   2  1  1  4  2  2  4  2  4  5 ->   2  2  0  4  2  2  4  1  4  5
 A                   546738                   528507   9.0766451952077158E-003         52 #   2  1  1  4  2  2  4  2  4  5 ->   2  2  0  4  2  2  4  2  3  5
 A                   546738                   455607   1.2085169106172831E-002         53 #   2  1  1  4  2  2  4  2  4  5 ->   2  2  0  4  2  2  4  2  4  4
 A                   546738                   545499   5.5777488575486943E-002          3 #   2  1  1  4  2  2  4  2  4  5 ->   2  2  1  3  2  2  3  2  4  5
 A                   546738                   540639   4.4233790134763926E-003        104 #   2  1  1  4  2  2  4  2  4  5 ->   2  2  1  3  2  2  4  1  4  5
 A                   546738                   528489   4.7017399380709327E-002         74 #   2  1  1  4  2  2  4  2  4  5 ->   2  2  1  3  2  2  4  2  3  5
 A                   546738                   455589   5.6675883271207858E-002         74 #   2  1  1  4  2  2  4  2  4  5 ->   2  2  1  3  2  2  4  2  4  4
 A                   546738                   546471   9.7288115876937524E-004        858 #   2  1  1  4  2  2  4  2  4  5 ->   2  2  1  4  0  2  4  2  4  5
 A                   546738                   546201   1.8097835158766644E-003        898 #   2  1  1  4  2  2  4  2  4  5 ->   2  2  1  4  1  1  4  2  4  5
 A                   546738                   545391   3.6103800836568790E-003        901 #   2  1  1  4  2  2  4  2  4  5 ->   2  2  1  4  1  2  3  2  4  5
 A                   546738                   540531   1.8109814560028737E-004       1003 #   2  1  1  4  2  2  4  2  4  5 ->   2  2  1  4  1  2  4  1  4  5
 A                   546738                   528381   2.4728525011735916E-003        972 #   2  1  1  4  2  2  4  2  4  5 ->   2  2  1  4  1  2  4  2  3  5
 A                   546738                   455481   3.0893544479561829E-003        973 #   2  1  1  4  2  2  4  2  4  5 ->   2  2  1  4  1  2  4  2  4  4
 A                   546738                   545931   2.4298023343610377E-005        939 #   2  1  1  4  2  2  4  2  4  5 ->   2  2  1  4  2  0  4  2  4  5
 A                   546738                   545121   9.8968988184004695E-005        942 #   2  1  1  4  2  2  4  2  4  5 ->   2  2  1  4  2  1  3  2  4  5
 A                   546738                   540261   1.4579034846747785E-004       1043 #   2  1  1  4  2  2  4  2  4  5 ->   2  2  1  4  2  1  4  1  4  5
 A                   546738                   528111   2.9986868447670070E-005       1013 #   2  1  1  4  2  2  4  2  4  5 ->   2  2  1  4  2  1  4  2  3  5
 A                   546738                   455211   5.8649714442885359E-004       1013 #   2  1  1  4  2  2  4  2  4  5 ->   2  2  1  4  2  1  4  2  4  4
 A                   546738                   544311   9.8483299171250841E-005        945 #   2  1  1  4  2  2  4  2  4  5 ->   2  2  1  4  2  2  2  2  4  5
 A                   546738                   539451   2.9090792644978790E-004       1047 #   2  1  1  4  2  2  4  2  4  5 ->   2  2  1  4  2  2  3  1  4  5
 A                   546738                   527301   8.4223108558657107E-004       1016 #   2  1  1  4  2  2  4  2  4  5 ->   2  2  1  4  2  2  3  2  3  5
 A                   546738                   454401   5.0780817275770040E-004       1016 #   2  1  1  4  2  2  4  2  4  5 ->   2  2  1  4  2  2  3  2  4  4
 A                   546738                   534591   8.2145343726755135E-006       1148 #   2  1  1  4  2  2  4  2  4  5 ->   2  2  1  4  2  2  4  0  4  5
 A                   546738                   522441   1.9385277590000034E-004       1118 #   2  1  1  4  2  2  4  2  4  5 ->   2  2  1  4  2  2  4  1  3  5
 A                   546738                   449541   2.4220758605514255E-004       1118 #   2  1  1  4  2  2  4  2  4  5 ->   2  2  1  4  2  2  4  1  4  4
 A                   546738                   510291   9.1530629558957957E-005       1087 #   2  1  1  4  2  2  4  2  4  5 ->   2  2  1  4  2  2  4  2  2  5
 A                   546738                   437391   3.8909414111898280E-003       1088 #   2  1  1  4  2  2  4  2  4  5 ->   2  2  1  4  2  2  4  2  3  4
 A                   546738                   364491   8.6934388703791628E-004       1088 #   2  1  1  4  2  2  4  2  4  5 ->   2  2  1  4  2  2  4  2  4  3
 A                   546738                   546477   8.5146916770362208E-005        743 #   2  1  1  4  2  2  4  2  4  5 ->   2  1  2  4  0  2  4  2  4  5
 A                   546738                   546207   1.5285696252793808E-003        784 #   2  1  1  4  2  2  4  2  4  5 ->   2  1  2  4  1  1  4  2  4  5
 A                   546738                   545397   1.4283363398335372E-004        787 #   2  1  1  4  2  2  4  2  4  5 ->   2  1  2  4  1  2  3  2  4  5
 A                   546738                   540537   1.5260333261852013E-005        889 #   2  1  1  4  2  2  4  2  4  5 ->   2  1  2  4  1  2  4  1  4  5
 A                   546738                   528387   4.8643014675913406E-005        858 #   2  1  1  4  2  2  4  2  4  5 ->   2  1  2  4  1  2  4  2  3  5
 A                   546738                   455487   1.8084690934031431E-004        859 #   2  1  1  4  2  2  4  2  4  5 ->   2  1  2  4  1  2  4  2  4  4
 A                   546738                   545937   1.3621175855270885E-003        824 #   2  1  1  4  2  2  4  2  4  5 ->   2  1  2  4  2  0  4  2  4  5
 A                   546738                   545127   4.8238861715540413E-003        828 #   2  1  1  4  2  2  4  2  4  5 ->   2  1  2  4  2  1  3  2  4  5
 A                   546738                   540267   1.6197293400921009E-004        929 #   2  1  1  4  2  2  4  2  4  5 ->   2  1  2  4  2  1  4  1  4  5
 A                   546738                   528117   2.1875751266364398E-003        899 #   2  1  1  4  2  2  4  2  4  5 ->   2  1  2  4  2  1  4  2  3  5
 A                   546738                   455217   3.5035533154161138E-003        899 #   2  1  1  4  2  2  4  2  4  5 ->   2  1  2  4  2  1  4  2  4  4
 A                   546738                   544317   1.3812721158735944E-004        831 #   2  1  1  4  2  2  4  2  4  5 ->   2  1  2  4  2  2  2  2  4  5
 A                   546738                   539457   1.3475187762163638E-005        932 #   2  1  1  4  2  2  4  2  4  5 ->   2  1  2  4  2  2  3  1  4  5
 A                   546738                   527307   2.9506098750671696E-003        902 #   2  1  1  4  2  2  4  2  4  5 ->   2  1  2  4  2  2  3  2  3  5
 A                   546738                   454407   3.4854885256119196E-004        902 #   2  1  1  4  2  2  4  2  4  5 ->   2  1  2  4  2  2  3  2  4  4
 A                   546738                   534597   6.7956798900787291E-007       1034 #   2  1  1  4  2  2  4  2  4  5 ->   2  1  2  4  2  2  4  0  4  5
 A                   546738                   522447   5.1834812901747913E-006       1003 #   2  1  1  4  2  2  4  2  4  5 ->   2  1  2  4  2  2  4  1  3  5
 A                   546738                   449547   1.7522387530441882E-005       1004 #   2  1  1  4  2  2  4  2  4  5 ->   2  1  2  4  2  2  4  1  4  4
 A                   546738                   510297   2.2176445190668281E-003        973 #   2  1  1  4  2  2  4  2  4  5 ->   2  1  2  4  2  2  4  2  2  5
 A                   546738                   437397   8.4758521215733788E-003        973 #   2  1  1  4  2  2  4  2  4  5 ->   2  1  2  4  2  2  4  2  3  4
 A                   546738                   364497   3.2747756115689684E-004        974 #   2  1  1  4  2  2  4  2  4  5 ->   2  1  2  4  2  2  4  2  4  3

 P                   546738                   546735   4.5863417074109723E-005       6837 #   2  1  1  4  2  2  4  2  4  5 ->   2  0  1  4  2  2  4  2  4  5
 P                   546738                   546729   1.3080075351037001E-005       6951 #   2  1  1  4  2  2  4  2  4  5 ->   2  1  0  4  2  2  4  2  4  5
 P                   546738                   546711   5.1704864980663720E-005       6973 #   2  1  1  4  2  2  4  2  4  5 ->   2  1  1  3  2  2  4  2  4  5
 P                   546738                   546603   1.4052166286518464E-005       7871 #   2  1  1  4  2  2  4  2  4  5 ->   2  1  1  4  1  2  4  2  4  5
 P                   546738                   546333   3.6360477998440449E-006       7912 #   2  1  1  4  2  2  4  2  4  5 ->   2  1  1  4  2  1  4  2  4  5
 P                   546738                   545523   7.2602111961366611E-006       7915 #   2  1  1  4  2  2  4  2  4  5 ->   2  1  1  4  2  2  3  2  4  5
 V                   546738                   540663   1.4911812057125194E-006       8016 #   2  1  1  4  2  2  4  2  4  5 ->   2  1  1  4  2  2  4  1  4  5
 P                   546738                   528513   2.7042395659754428E-007       7986 #   2  1  1  4  2  2  4  2  4  5 ->   2  1  1  4  2  2  4  2  3  5
 P                   546738                   455613   3.3791092725584711E-007       7986 #   2  1  1  4  2  2  4  2  4  5 ->   2  1  1  4  2  2  4  2  4  4

 F                   546696                   546588   2.4393395211884074E-005        906 #   2  2  2  2  2  2  4  2  4  5 ->   2  2  2  3  1  2  4  2  4  5
 F                   546696                   540648   2.6470245007243578E-006       1051 #   2  2  2  2  2  2  4  2  4  5 ->   2  2  2  3  2  2  4  1  4  5
 F                   546696                   528498   6.6682913356442679E-005       1021 #   2  2  2  2  2  2  4  2  4  5 ->   2  2  2  3  2  2  4  2  3  5
 F                   546696                   455598   5.0091275942076147E-004       1021 #   2  2  2  2  2  2  4  2  4  5 ->   2  2  2  3  2  2  4  2  4  4
 A                   546696                   546453   1.6906742871262555E-004        728 #   2  2  2  2  2  2  4  2  4  5 ->   2  2  2  3  0  2  4  2  4  5
 A                   546696                   546183   1.3962677391373367E-004        769 #   2  2  2  2  2  2  4  2  4  5 ->   2  2  2  3  1  1  4  2  4  5
 A                   546696                   545373   3.1985504303832330E-003        772 #   2  2  2  2  2  2  4  2  4  5 ->   2  2  2  3  1  2  3  2  4  5
 A                   546696                   540513   3.0264636022118700E-005        874 #   2  2  2  2  2  2  4  2  4  5 ->   2  2  2  3  1  2  4  1  4  5
 A                   546696                   528363   2.7707678746577560E-004        843 #   2  2  2  2  2  2  4  2  4  5 ->   2  2  2  3  1  2  4  2  3  5
 A                   546696                   455463   2.2999385532509605E-004        844 #   2  2  2  2  2  2  4  2  4  5 ->   2  2  2  3  1  2  4  2  4  4
 A                   546696                   545913   5.3764604609801646E-005        809 #   2  2  2  2  2  2  4  2  4  5 ->   2  2  2  3  2  0  4  2  4  5
 A                   546696                   545103   5.0313433041676717E-003        812 #   2  2  2  2  2  2  4  2  4  5 ->   2  2  2  3  2  1  3  2  4  5
 A                   546696                   540243   1.3160406518930459E-005        914 #   2  2  2  2  2  2  4  2  4  5 ->   2  2  2  3  2  1  4  1  4  5
 A                   546696                   528093   3.3027782578540080E-004        884 #   2  2  2  2  2  2  4  2  4  5 ->   2  2  2  3  2  1  4  2  3  5
 A                   546696                   455193   2.5120190916267764E-003        884 #   2  2  2  2  2  2  4  2  4  5 ->   2  2  2  3  2  1  4  2  4  4
 A                   546696                   544293   7.6242552967528939E-003        816 #   2  2  2  2  2  2  4  2  4  5 ->   2  2  2  3  2  2  2  2  4  5
 A                   546696                   539433   3.3676345859330234E-004        918 #   2  2  2  2  2  2  4  2  4  5 ->   2  2  2  3  2  2  3  1  4  5
 A                   546696                   527283   6.3116022374376420E-003        887 #   2  2  2  2  2  2  4  2  4  5 ->   2  2  2  3  2  2  3  2  3  5
 A                   546696                   454383   8.3212133266066073E-003        888 #   2  2  2  2  2  2  4  2  4  5 ->   2  2  2  3  2  2  3  2  4  4
 A                   546696                   534573   1.3474814191296262E-006       1020 #   2  2  2  2  2  2  4  2  4  5 ->   2  2  2  3  2  2  4  0  4  5
 A                   546696                   522423   2.6979618860234356E-005        989 #   2  2  2  2  2  2  4  2  4  5 ->   2  2  2  3  2  2  4  1  3  5
 A                   546696                   449523   2.3096690180726153E-005        990 #   2  2  2  2  2  2  4  2  4  5 ->   2  2  2  3  2  2  4  1  4  4
 A                   546696                   510273   7.5776284315123648E-004        958 #   2  2  2  2  2  2  4  2  4  5 ->   2  2  2  3  2  2  4  2  2  5
 A                   546696                   437373   1.2706087393698983E-002        959 #   2  2  2  2  2  2  4  2  4  5 ->   2  2  2  3  2  2  4  2  3  4
 A                   546696                   364473   6.9863456885997906E-003        960 #   2  2  2  2  2  2  4  2  4  5 ->   2  2  2  3  2  2  4  2  4  3

 F                   546722                   546714   8.3471461009270130E-003       8255 #   1  2  2  3  2  2  4  2  4  5 ->   2  2  1  3  2  2  4  2  4  5
 F                   546722                   546696   1.2628645999849536E-002       8279 #   1  2  2  3  2  2  4  2  4  5 ->   2  2  2  2  2  2  4  2  4  5
 F                   546722                   546318   1.0966673497173100E-003       9258 #   1  2  2  3  2  2  4  2  4  5 ->   2  2  2  3  2  1  4  2  4  5
 F                   546722                   545508   2.1956553136015548E-003       9262 #   1  2  2  3  2  2  4  2  4  5 ->   2  2  2  3  2  2  3  2  4  5
 F                   546722                   546614   1.2201878745023662E-005        939 #   1  2  2  3  2  2  4  2  4  5 ->   1  2  2  4  1  2  4  2  4  5
 F                   546722                   540674   1.3222635920948487E-006       1087 #   1  2  2  3  2  2  4  2  4  5 ->   1  2  2  4  2  2  4  1  4  5
 F                   546722                   528524   3.4343901995413405E-005       1058 #   1  2  2  3  2  2  4  2  4  5 ->   1  2  2  4  2  2  4  2  3  5
 F                   546722                   455624   2.5798357847612880E-004       1058 #   1  2  2  3  2  2  4  2  4  5 ->   1  2  2  4  2  2  4  2  4  4
 A                   546722                   546717   1.7455306086603028E-003       6909 #   1  2  2  3  2  2  4  2  4  5 ->   2  0  2  3  2  2  4  2  4  5
 A                   546722                   546711   2.0203058544045129E-003       7011 #   1  2  2  3  2  2  4  2  4  5 ->   2  1  1  3  2  2  4  2  4  5
 A                   546722                   546693   3.0245802896277929E-003       7035 #   1  2  2  3  2  2  4  2  4  5 ->   2  1  2  2  2  2  4  2  4  5
 A                   546722                   546585   4.8299793879443182E-004       7974 #   1  2  2  3  2  2  4  2  4  5 ->   2  1  2  3  1  2  4  2  4  5
 A                   546722                   546315   2.7436113202254522E-004       8014 #   1  2  2  3  2  2  4  2  4  5 ->   2  1  2  3  2  1  4  2  4  5
 A                   546722                   545505   5.4858166946360881E-004       8017 #   1  2  2  3  2  2  4  2  4  5 ->   2  1  2  3  2  2  3  2  4  5
 A                   546722                   540645   5.0508950822050100E-005       8122 #   1  2  2  3  2  2  4  2  4  5 ->   2  1  2  3  2  2  4  1  4  5
 A                   546722                   528495   2.1102447470868405E-005       8092 #   1  2  2  3  2  2  4  2  4  5 ->   2  1  2  3  2  2  4  2  3  5
 A                   546722                   455595   2.6375541737976612E-005       8093 #   1  2  2  3  2  2  4  2  4  5 ->   2  1  2  3  2  2  4  2  4  4
 A                   546722                   546705   4.0007676946461813E-004       7113 #   1  2  2  3  2  2  4  2  4  5 ->   2  2  0  3  2  2  4  2  4  5
 A                   546722                   546687   7.4297587493011097E-003       7136 #   1  2  2  3  2  2  4  2  4  5 ->   2  2  1  2  2  2  4  2  4  5
 A                   546722                   546579   2.4032547250365862E-004       8076 #   1  2  2  3  2  2  4  2  4  5 ->   2  2  1  3  1  2  4  2  4  5
 A                   546722                   546309   1.0327659594610428E-004       8116 #   1  2  2  3  2  2  4  2  4  5 ->   2  2  1  3  2  1  4  2  4  5
 A                   546722                   545499   1.1600088662801959E-003       8119 #   1  2  2  3  2  2  4  2  4  5 ->   2  2  1  3  2  2  3  2  4  5
 A                   546722                   540639   2.4634884753043352E-005       8223 #   1  2  2  3  2  2  4  2  4  5 ->   2  2  1  3  2  2  4  1  4  5
 A                   546722                   528489   3.0546705711888587E-005       8194 #   1  2  2  3  2  2  4  2  4  5 ->   2  2  1  3  2  2  4  2  3  5
 A                   546722                   455589   9.8948777388807653E-005       8195 #   1  2  2  3  2  2  4  2  4  5 ->   2  2  1  3  2  2  4  2  4  4
 A                   546722                   546669   2.8631259473730856E-003       7160 #   1  2  2  3  2  2  4  2  4  5 ->   2  2  2  1  2  2  4  2  4  5
 A                   546722                   546561   3.5998557266380321E-004       8099 #   1  2  2  3  2  2  4  2  4  5 ->   2  2  2  2  1  2  4  2  4  5
 A                   546722                   546291   8.6740106224562224E-004       8139 #   1  2  2  3  2  2  4  2  4  5 ->   2  2  2  2  2  1  4  2  4  5
 A                   546722                   545481   1.0211465362029439E-003       8142 #   1  2  2  3  2  2  4  2  4  5 ->   2  2  2  2  2  2  3  2  4  5
 A                   546722                   540621   3.6903398770222764E-005       8247 #   1  2  2  3  2  2  4  2  4  5 ->   2  2  2  2  2  2  4  1  4  5
 A                   546722                   528471   1.1083511367599100E-004       8218 #   1  2  2  3  2  2  4  2  4  5 ->   2  2  2  2  2  2  4  2  3  5
 A                   546722                   455571   9.3141278776809412E-005       8218 #   1  2  2  3  2  2  4  2  4  5 ->   2  2  2  2  2  2  4  2  4  4
 A                   546722                   546453   3.2980432495095861E-005       9039 #   1  2  2  3  2  2  4  2  4  5 ->   2  2  2  3  0  2  4  2  4  5
 A                   546722                   546183   3.2748453669538736E-005       9079 #   1  2  2  3  2  2  4  2  4  5 ->   2  2  2  3  1  1  4  2  4  5
 A                   546722                   545373   6.5484229126475563E-005       9082 #   1  2  2  3  2  2  4  2  4  5 ->   2  2  2  3  1  2  3  2  4  5
 A                   546722                   540513   6.8863651515415439E-006       9186 #   1  2  2  3  2  2  4  2  4  5 ->   2  2  2  3  1  2  4  1  4  5
 A                   546722                   528363   2.2806982816094572E-006       9157 #   1  2  2  3  2  2  4  2  4  5 ->   2  2  2  3  1  2  4  2  3  5
 A                   546722                   455463   2.8506080139109158E-006       9158 #   1  2  2  3  2  2  4  2  4  5 ->   2  2  2  3  1  2  4  2  4  4
 A                   546722                   545913   6.3204736331477821E-006       9119 #   1  2  2  3  2  2  4  2  4  5 ->   2  2  2  3  2  0  4  2  4  5
 A                   546722                   545103   1.3639810740399347E-004       9122 #   1  2  2  3  2  2  4  2  4  5 ->   2  2  2  3  2  1  3  2  4  5
 A                   546722                   540243   3.3579884109012659E-006       9226 #   1  2  2  3  2  2  4  2  4  5 ->   2  2  2  3  2  1  4  1  4  5
 A                   546722                   528093   2.7239845840392910E-006       9197 #   1  2  2  3  2  2  4  2  4  5 ->   2  2  2  3  2  1  4  2  3  5
 A                   546722                   455193   9.4158272264196650E-006       9198 #   1  2  2  3  2  2  4  2  4  5 ->   2  2  2  3  2  1  4  2  4  4
 A                   546722                   544293   8.0797262422329370E-005       9125 #   1  2  2  3  2  2  4  2  4  5 ->   2  2  2  3  2  2  2  2  4  5
 A                   546722                   539433   6.7147307073447813E-006       9230 #   1  2  2  3  2  2  4  2  4  5 ->   2  2  2  3  2  2  3  1  4  5
 A                   546722                   527283   1.4095714283312373E-005       9200 #   1  2  2  3  2  2  4  2  4  5 ->   2  2  2  3  2  2  3  2  3  5
 A                   546722                   454383   1.1609015881510549E-005       9201 #   1  2  2  3  2  2  4  2  4  5 ->   2  2  2  3  2  2  3  2  4  4
 A                   546722                   534573   3.5939523163063934E-007       9334 #   1  2  2  3  2  2  4  2  4  5 ->   2  2  2  3  2  2  4  0  4  5
 A                   546722                   522423   2.3105085875727788E-007       9305 #   1  2  2  3  2  2  4  2  4  5 ->   2  2  2  3  2  2  4  1  3  5
 A                   546722                   449523   2.8878676667303025E-007       9305 #   1  2  2  3  2  2  4  2  4  5 ->   2  2  2  3  2  2  4  1  4  4
 A                   546722                   510273   4.7383812569332938E-009       9275 #   1  2  2  3  2  2  4  2  4  5 ->   2  2  2  3  2  2  4  2  2  5
 A                   546722                   437373   1.0041729734411201E-006       9276 #   1  2  2  3  2  2  4  2  4  5 ->   2  2  2  3  2  2  4  2  3  4
 A                   546722                   364473   2.0554846081420903E-007       9277 #   1  2  2  3  2  2  4  2  4  5 ->   2  2  2  3  2  2  4  2  4  3
 A                   546722                   546479   8.0661529828186186E-005        760 #   1  2  2  3  2  2  4  2  4  5 ->   1  2  2  4  0  2  4  2  4  5
 A                   546722                   546209   6.9125570769565373E-005        800 #   1  2  2  3  2  2  4  2  4  5 ->   1  2  2  4  1  1  4  2  4  5
 A                   546722                   545399   1.5509651069896611E-003        803 #   1  2  2  3  2  2  4  2  4  5 ->   1  2  2  4  1  2  3  2  4  5
 A                   546722                   540539   1.4416385945488840E-005        908 #   1  2  2  3  2  2  4  2  4  5 ->   1  2  2  4  1  2  4  1  4  5
 A                   546722                   528389   1.3588151849735133E-004        878 #   1  2  2  3  2  2  4  2  4  5 ->   1  2  2  4  1  2  4  2  3  5
 A                   546722                   455489   1.0578795951896693E-004        879 #   1  2  2  3  2  2  4  2  4  5 ->   1  2  2  4  1  2  4  2  4  4
 A                   546722                   545939   2.5987286252355472E-005        840 #   1  2  2  3  2  2  4  2  4  5 ->   1  2  2  4  2  0  4  2  4  5
 A                   546722                   545129   2.4514725153990499E-003        843 #   1  2  2  3  2  2  4  2  4  5 ->   1  2  2  4  2  1  3  2  4  5
 A                   546722                   540269   6.5232127737934574E-006        948 #   1  2  2  3  2  2  4  2  4  5 ->   1  2  2  4  2  1  4  1  4  5
 A                   546722                   528119   1.5568103286553008E-004        918 #   1  2  2  3  2  2  4  2  4  5 ->   1  2  2  4  2  1  4  2  3  5
 A                   546722                   455219   1.1785826731673798E-003        919 #   1  2  2  3  2  2  4  2  4  5 ->   1  2  2  4  2  1  4  2  4  4
 A                   546722                   544319   3.7121906949712279E-003        846 #   1  2  2  3  2  2  4  2  4  5 ->   1  2  2  4  2  2  2  2  4  5
 A                   546722                   539459   1.6285856905143804E-004        951 #   1  2  2  3  2  2  4  2  4  5 ->   1  2  2  4  2  2  3  1  4  5
 A                   546722                   527309   2.9871642520283648E-003        921 #   1  2  2  3  2  2  4  2  4  5 ->   1  2  2  4  2  2  3  2  3  5
 A                   546722                   454409   3.9319417882768947E-003        922 #   1  2  2  3  2  2  4  2  4  5 ->   1  2  2  4  2  2  3  2  4  4
 A                   546722                   534599   6.3996447901517281E-007       1055 #   1  2  2  3  2  2  4  2  4  5 ->   1  2  2  4  2  2  4  0  4  5
 A                   546722                   522449   1.3092486254749559E-005       1026 #   1  2  2  3  2  2  4  2  4  5 ->   1  2  2  4  2  2  4  1  3  5
 A                   546722                   449549   1.0481717618187089E-005       1026 #   1  2  2  3  2  2  4  2  4  5 ->   1  2  2  4  2  2  4  1  4  4
 A                   546722                   510299   3.4516986685061591E-004        996 #   1  2  2  3  2  2  4  2  4  5 ->   1  2  2  4  2  2  4  2  2  5
 A                   546722                   437399   5.8108166725757016E-003        997 #   1  2  2  3  2  2  4  2  4  5 ->   1  2  2  4  2  2  4  2  3  4
 A                   546722                   364499   3.1905673613462126E-003        998 #   1  2  2  3  2  2  4  2  4  5 ->   1  2  2  4  2  2  4  2  4  3

 P                   546696                   546693   9.2305812960377081E-005       6831 #   2  2  2  2  2  2  4  2  4  5 ->   2  1  2  2  2  2  4  2  4  5
 P                   546696                   546687   2.6414376595470867E-005       6943 #   2  2  2  2  2  2  4  2  4  5 ->   2  2  1  2  2  2  4  2  4  5
 P                   546696                   546669   2.6100978269715320E-005       6965 #   2  2  2  2  2  2  4  2  4  5 ->   2  2  2  1  2  2  4  2  4  5
 P                   546696                   546561   1.4084272193481985E-005       7871 #   2  2  2  2  2  2  4  2  4  5 ->   2  2  2  2  1  2  4  2  4  5
 P                   546696                   546291   3.6530541991594919E-006       7911 #   2  2  2  2  2  2  4  2  4  5 ->   2  2  2  2  2  1  4  2  4  5
 P                   546696                   545481   7.2941207370550719E-006       7914 #   2  2  2  2  2  2  4  2  4  5 ->   2  2  2  2  2  2  3  2  4  5
 V                   546696                   540621   1.4931119679728860E-006       8016 #   2  2  2  2  2  2  4  2  4  5 ->   2  2  2  2  2  2  4  1  4  5
 P                   546696                   528471   2.7595782617494830E-007       7986 #   2  2  2  2  2  2  4  2  4  5 ->   2  2  2  2  2  2  4  2  3  5
 P                   546696                   455571   3.4482423373954816E-007       7986 #   2  2  2  2  2  2  4  2  4  5 ->   2  2  2  2  2  2  4  2  4  4

 P                   546722                   546719   9.5774401877989310E-005       6804 #   1  2  2  3  2  2  4  2  4  5 ->   1  1  2  3  2  2  4  2  4  5
 P                   546722                   546713   2.9144138827266995E-005       6905 #   1  2  2  3  2  2  4  2  4  5 ->   1  2  1  3  2  2  4  2  4  5
 P                   546722                   546695   4.3158089909565384E-005       6929 #   1  2  2  3  2  2  4  2  4  5 ->   1  2  2  2  2  2  4  2  4  5
 P                   546722                   546587   1.4410072781068526E-005       7868 #   1  2  2  3  2  2  4  2  4  5 ->   1  2  2  3  1  2  4  2  4  5
 P                   546722                   546317   3.9187386991546235E-006       7908 #   1  2  2  3  2  2  4  2  4  5 ->   1  2  2  3  2  1  4  2  4  5
 P                   546722                   545507   7.8239470466269716E-006       7911 #   1  2  2  3  2  2  4  2  4  5 ->   1  2  2  3  2  2  3  2  4  5
 V                   546722                   540647   1.5222580863928338E-006       8016 #   1  2  2  3  2  2  4  2  4  5 ->   1  2  2  3  2  2  4  1  4  5
 P                   546722                   528497   3.0057589605998364E-007       7987 #   1  2  2  3  2  2  4  2  4  5 ->   1  2  2  3  2  2  4  2  3  5
 P                   546722                   455597   3.7558247142892816E-007       7987 #   1  2  2  3  2  2  4  2  4  5 ->   1  2  2  3  2  2  4  2  4  4

 F                   546714                   546588   1.3105287784649620E-005        928 #   2  2  1  3  2  2  4  2  4  5 ->   2  2  2  3  1  2  4  2  4  5
 F                   546714                   540648   1.4081743095850958E-006       1073 #   2  2  1  3  2  2  4  2  4  5 ->   2  2  2  3  2  2  4  1  4  5
 F                   546714                   528498   3.5539372861214004E-004       1043 #   2  2  1  3  2  2  4  2  4  5 ->   2  2  2  3  2  2  4  2  3  5
 F                   546714                   546606   1.2196697605942037E-005        906 #   2  2  1  3  2  2  4  2  4  5 ->   2  2  1  4  1  2  4  2  4  5
 F                   546714                   540666   1.3235122503621789E-006       1051 #   2  2  1  3  2  2  4  2  4  5 ->   2  2  1  4  2  2  4  1  4  5
 F                   546714                   528516   3.3341456678221340E-005       1021 #   2  2  1  3  2  2  4  2  4  5 ->   2  2  1  4  2  2  4  2  3  5
 F                   546714                   455616   2.5045637971038073E-004       1021 #   2  2  1  3  2  2  4  2  4  5 ->   2  2  1  4  2  2  4  2  4  4
 A                   546714                   546453   8.4077638001872634E-005        750 #   2  2  1  3  2  2  4  2  4  5 ->   2  2  2  3  0  2  4  2  4  5
 A                   546714                   546183   1.5122493343842124E-003        791 #   2  2  1  3  2  2  4  2  4  5 ->   2  2  2  3  1  1  4  2  4  5
 A                   546714                   545373   1.4236667379464735E-004        794 #   2  2  1  3  2  2  4  2  4  5 ->   2  2  2  3  1  2  3  2  4  5
 A                   546714                   540513   1.5063332107571330E-005        896 #   2  2  1  3  2  2  4  2  4  5 ->   2  2  2  3  1  2  4  1  4  5
 A                   546714                   528363   4.6846185359386665E-005        865 #   2  2  1  3  2  2  4  2  4  5 ->   2  2  2  3  1  2  4  2  3  5
 A                   546714                   455463   1.8129166497884831E-004        866 #   2  2  1  3  2  2  4  2  4  5 ->   2  2  2  3  1  2  4  2  4  4
 A                   546714                   545913   1.3489358933198373E-003        831 #   2  2  1  3  2  2  4  2  4  5 ->   2  2  2  3  2  0  4  2  4  5
 A                   546714                   545103   4.7767060843839117E-003        834 #   2  2  1  3  2  2  4  2  4  5 ->   2  2  2  3  2  1  3  2  4  5
 A                   546714                   540243   1.6012205622529716E-004        936 #   2  2  1  3  2  2  4  2  4  5 ->   2  2  2  3  2  1  4  1  4  5
 A                   546714                   528093   2.1761735682094495E-003        906 #   2  2  1  3  2  2  4  2  4  5 ->   2  2  2  3  2  1  4  2  3  5
 A                   546714                   455193   3.4794052681105989E-003        906 #   2  2  1  3  2  2  4  2  4  5 ->   2  2  2  3  2  1  4  2  4  4
 A                   546714                   544293   1.3695052412468004E-004        837 #   2  2  1  3  2  2  4  2  4  5 ->   2  2  2  3  2  2  2  2  4  5
 A                   546714                   539433   1.3437499007574565E-005        939 #   2  2  1  3  2  2  4  2  4  5 ->   2  2  2  3  2  2  3  1  4  5
 A                   546714                   527283   2.9457169752951972E-003        909 #   2  2  1  3  2  2  4  2  4  5 ->   2  2  2  3  2  2  3  2  3  5
 A                   546714                   454383   3.4720242562077627E-004        909 #   2  2  1  3  2  2  4  2  4  5 ->   2  2  2  3  2  2  3  2  4  4
 A                   546714                   534573   6.7037142326442321E-007       1041 #   2  2  1  3  2  2  4  2  4  5 ->   2  2  2  3  2  2  4  0  4  5
 A                   546714                   522423   4.9854216069064408E-006       1011 #   2  2  1  3  2  2  4  2  4  5 ->   2  2  2  3  2  2  4  1  3  5
 A                   546714                   449523   1.7519701186926948E-005       1011 #   2  2  1  3  2  2  4  2  4  5 ->   2  2  2  3  2  2  4  1  4  4
 A                   546714                   510273   2.2075781868205022E-003        980 #   2  2  1  3  2  2  4  2  4  5 ->   2  2  2  3  2  2  4  2  2  5
 A                   546714                   437373   8.4367597717725402E-003        981 #   2  2  1  3  2  2  4  2  4  5 ->   2  2  2  3  2  2  4  2  3  4
 A                   546714                   364473   3.2585556033497384E-004        982 #   2  2  1  3  2  2  4  2  4  5 ->   2  2  2  3  2  2  4  2  4  3
 A                   546714                   546471   8.4533714356312776E-005        728 #   2  2  1  3  2  2  4  2  4  5 ->   2  2  1  4  0  2  4  2  4  5
 A                   546714                   546201   6.9813386956866835E-005        769 #   2  2  1  3  2  2  4  2  4  5 ->   2  2  1  4  1  1  4  2  4  5
 A                   546714                   545391   1.5992752151916165E-003        772 #   2  2  1  3  2  2  4  2  4  5 ->   2  2  1  4  1  2  3  2  4  5
 A                   546714                   540531   1.5132318011059350E-005        874 #   2  2  1  3  2  2  4  2  4  5 ->   2  2  1  4  1  2  4  1  4  5
 A                   546714                   528381   1.3853839373288780E-004        843 #   2  2  1  3  2  2  4  2  4  5 ->   2  2  1  4  1  2  4  2  3  5
 A                   546714                   455481   1.1499692766254802E-004        844 #   2  2  1  3  2  2  4  2  4  5 ->   2  2  1  4  1  2  4  2  4  4
 A                   546714                   545931   2.6882302304900823E-005        809 #   2  2  1  3  2  2  4  2  4  5 ->   2  2  1  4  2  0  4  2  4  5
 A                   546714                   545121   2.5156716520838359E-003        812 #   2  2  1  3  2  2  4  2  4  5 ->   2  2  1  4  2  1  3  2  4  5
 A                   546714                   540261   6.5802032594652296E-006        914 #   2  2  1  3  2  2  4  2  4  5 ->   2  2  1  4  2  1  4  1  4  5
 A                   546714                   528111   1.6513891289270040E-004        884 #   2  2  1  3  2  2  4  2  4  5 ->   2  2  1  4  2  1  4  2  3  5
 A                   546714                   455211   1.2560095458133882E-003        884 #   2  2  1  3  2  2  4  2  4  5 ->   2  2  1  4  2  1  4  2  4  4
 A                   546714                   544311   3.8121276483764469E-003        816 #   2  2  1  3  2  2  4  2  4  5 ->   2  2  1  4  2  2  2  2  4  5
 A                   546714                   539451   1.6838172929665117E-004        918 #   2  2  1  3  2  2  4  2  4  5 ->   2  2  1  4  2  2  3  1  4  5
 A                   546714                   527301   3.1558011187188210E-003        887 #   2  2  1  3  2  2  4  2  4  5 ->   2  2  1  4  2  2  3  2  3  5
 A                   546714                   454401   4.1606066633033036E-003        888 #   2  2  1  3  2  2  4  2  4  5 ->   2  2  1  4  2  2  3  2  4  4
 A                   546714                   534591   6.7374070956481308E-007       1020 #   2  2  1  3  2  2  4  2  4  5 ->   2  2  1  4  2  2  4  0  4  5
 A                   546714                   522441   1.3489809430117178E-005        989 #   2  2  1  3  2  2  4  2  4  5 ->   2  2  1  4  2  2  4  1  3  5
 A                   546714                   449541   1.1548345090363076E-005        990 #   2  2  1  3  2  2  4  2  4  5 ->   2  2  1  4  2  2  4  1  4  4
 A                   546714                   510291   3.7888142157561824E-004        958 #   2  2  1  3  2  2  4  2  4  5 ->   2  2  1  4  2  2  4  2  2  5
 A                   546714                   437391   6.3530436968494914E-003        959 #   2  2  1  3  2  2  4  2  4  5 ->   2  2  1  4  2  2  4  2  3  4
 A                   546714                   364491   3.4931728442998953E-003        960 #   2  2  1  3  2  2  4  2  4  5 ->   2  2  1  4  2  2  4  2  4  3

 P                   546714                   546711   9.2305812960377081E-005       6831 #   2  2  1  3  2  2  4  2  4  5 ->   2  1  1  3  2  2  4  2  4  5
 P                   546714                   546705   1.3207188297735434E-005       6943 #   2  2  1  3  2  2  4  2  4  5 ->   2  2  0  3  2  2  4  2  4  5
 P                   546714                   546687   3.9151467404572977E-005       6965 #   2  2  1  3  2  2  4  2  4  5 ->   2  2  1  2  2  2  4  2  4  5
 P                   546714                   546579   1.4084272193481985E-005       7871 #   2  2  1  3  2  2  4  2  4  5 ->   2  2  1  3  1  2  4  2  4  5
 P                   546714                   546309   3.6530541991594919E-006       7911 #   2  2  1  3  2  2  4  2  4  5 ->   2  2  1  3  2  1  4  2  4  5
 P                   546714                   545499   7.2941207370550719E-006       7914 #   2  2  1  3  2  2  4  2  4  5 ->   2  2  1  3  2  2  3  2  4  5
 V                   546714                   540639   1.4931119679728860E-006       8016 #   2  2  1  3  2  2  4  2  4  5 ->   2  2  1  3  2  2  4  1  4  5
 P                   546714                   528489   2.7595782617494830E-007       7986 #   2  2  1  3  2  2  4  2  4  5 ->   2  2  1  3  2  2  4  2  3  5
 P                   546714                   455589   3.4482423373954816E-007       7986 #   2  2  1  3  2  2  4  2  4  5 ->   2  2  1  3  2  2  4  2  4  4

 F                   546749                   546741   8.1129468052338390E-003       8221 #   1  2  2  4  2  2  4  2  4  5 ->   2  2  1  4  2  2  4  2  4  5
 F                   546749                   546723   1.6362136808577565E-002       8244 #   1  2  2  4  2  2  4  2  4  5 ->   2  2  2  3  2  2  4  2  4  5
 F                   546749                   546345   1.0196566849910091E-003       9181 #   1  2  2  4  2  2  4  2  4  5 ->   2  2  2  4  2  1  4  2  4  5
 F                   546749                   545535   2.0413255987214796E-003       9184 #   1  2  2  4  2  2  4  2  4  5 ->   2  2  2  4  2  2  3  2  4  5
 A                   546749                   546744   1.6816195458554915E-003       6930 #   1  2  2  4  2  2  4  2  4  5 ->   2  0  2  4  2  2  4  2  4  5
 A                   546749                   546738   1.9406536639223813E-003       7039 #   1  2  2  4  2  2  4  2  4  5 ->   2  1  1  4  2  2  4  2  4  5
 A                   546749                   546720   3.8739204760110642E-003       7062 #   1  2  2  4  2  2  4  2  4  5 ->   2  1  2  3  2  2  4  2  4  5
 A                   546749                   546612   4.5227172284692475E-004       7958 #   1  2  2  4  2  2  4  2  4  5 ->   2  1  2  4  1  2  4  2  4  5
 A                   546749                   546342   2.5163652971257216E-004       7998 #   1  2  2  4  2  2  4  2  4  5 ->   2  1  2  4  2  1  4  2  4  5
 A                   546749                   545532   5.0315260138449535E-004       8001 #   1  2  2  4  2  2  4  2  4  5 ->   2  1  2  4  2  2  3  2  4  5
 A                   546749                   540672   3.7127947565920638E-005       8093 #   1  2  2  4  2  2  4  2  4  5 ->   2  1  2  4  2  2  4  1  4  5
 A                   546749                   528522   1.6211941304503864E-005       8075 #   1  2  2  4  2  2  4  2  4  5 ->   2  1  2  4  2  2  4  2  3  5
 A                   546749                   455622   2.0263362035463602E-005       8076 #   1  2  2  4  2  2  4  2  4  5 ->   2  1  2  4  2  2  4  2  4  4
 A                   546749                   546732   3.8143282322722935E-004       7148 #   1  2  2  4  2  2  4  2  4  5 ->   2  2  0  4  2  2  4  2  4  5
 A                   546749                   546714   9.4817029033185604E-003       7171 #   1  2  2  4  2  2  4  2  4  5 ->   2  2  1  3  2  2  4  2  4  5
 A                   546749                   546606   2.2525122654207524E-004       8067 #   1  2  2  4  2  2  4  2  4  5 ->   2  2  1  4  1  2  4  2  4  5
 A                   546749                   546336   9.4177652999068178E-005       8108 #   1  2  2  4  2  2  4  2  4  5 ->   2  2  1  4  2  1  4  2  4  5
 A                   546749                   545526   1.0656831841012119E-003       8111 #   1  2  2  4  2  2  4  2  4  5 ->   2  2  1  4  2  2  3  2  4  5
 A                   546749                   540666   1.8155804454907878E-005       8202 #   1  2  2  4  2  2  4  2  4  5 ->   2  2  1  4  2  2  4  1  4  5
 A                   546749                   528516   2.3401053992432438E-005       8185 #   1  2  2  4  2  2  4  2  4  5 ->   2  2  1  4  2  2  4  2  3  5
 A                   546749                   455616   7.5851922984250623E-005       8185 #   1  2  2  4  2  2  4  2  4  5 ->   2  2  1  4  2  2  4  2  4  4
 A                   546749                   546696   5.4783964980034934E-003       7194 #   1  2  2  4  2  2  4  2  4  5 ->   2  2  2  2  2  2  4  2  4  5
 A                   546749                   546588   4.4987762346007047E-004       8090 #   1  2  2  4  2  2  4  2  4  5 ->   2  2  2  3  1  2  4  2  4  5
 A                   546749                   546318   1.0625239567543061E-003       8131 #   1  2  2  4  2  2  4  2  4  5 ->   2  2  2  3  2  1  4  2  4  5
 A                   546749                   545508   1.2495079443449646E-003       8134 #   1  2  2  4  2  2  4  2  4  5 ->   2  2  2  3  2  2  3  2  4  5
 A                   546749                   540648   3.6263645733201185E-005       8225 #   1  2  2  4  2  2  4  2  4  5 ->   2  2  2  3  2  2  4  1  4  5
 A                   546749                   528498   1.1329096966135907E-004       8208 #   1  2  2  4  2  2  4  2  4  5 ->   2  2  2  3  2  2  4  2  3  5
 A                   546749                   455598   9.5189441432564316E-005       8208 #   1  2  2  4  2  2  4  2  4  5 ->   2  2  2  3  2  2  4  2  4  4
 A                   546749                   546480   3.0037986349462705E-005       8987 #   1  2  2  4  2  2  4  2  4  5 ->   2  2  2  4  0  2  4  2  4  5
 A                   546749                   546210   2.9305153965658028E-005       9027 #   1  2  2  4  2  2  4  2  4  5 ->   2  2  2  4  1  1  4  2  4  5
 A                   546749                   545400   5.8599577254508827E-005       9030 #   1  2  2  4  2  2  4  2  4  5 ->   2  2  2  4  1  2  3  2  4  5
 A                   546749                   540540   4.9245401550159828E-006       9121 #   1  2  2  4  2  2  4  2  4  5 ->   2  2  2  4  1  2  4  1  4  5
 A                   546749                   528390   1.7139901843804379E-006       9104 #   1  2  2  4  2  2  4  2  4  5 ->   2  2  2  4  1  2  4  2  3  5
 A                   546749                   455490   2.1423264409017631E-006       9104 #   1  2  2  4  2  2  4  2  4  5 ->   2  2  2  4  1  2  4  2  4  4
 A                   546749                   545940   5.5328598259390244E-006       9067 #   1  2  2  4  2  2  4  2  4  5 ->   2  2  2  4  2  0  4  2  4  5
 A                   546749                   545130   1.2023475498495635E-004       9070 #   1  2  2  4  2  2  4  2  4  5 ->   2  2  2  4  2  1  3  2  4  5
 A                   546749                   540270   2.3627696351871842E-006       9161 #   1  2  2  4  2  2  4  2  4  5 ->   2  2  2  4  2  1  4  1  4  5
 A                   546749                   528120   2.0219564167484944E-006       9144 #   1  2  2  4  2  2  4  2  4  5 ->   2  2  2  4  2  1  4  2  3  5
 A                   546749                   455220   6.9747252705626161E-006       9145 #   1  2  2  4  2  2  4  2  4  5 ->   2  2  2  4  2  1  4  2  4  4
 A                   546749                   544320   7.1147793358077558E-005       9073 #   1  2  2  4  2  2  4  2  4  5 ->   2  2  2  4  2  2  2  2  4  5
 A                   546749                   539460   4.7247062962687930E-006       9164 #   1  2  2  4  2  2  4  2  4  5 ->   2  2  2  4  2  2  3  1  4  5
 A                   546749                   527310   1.0442369155039295E-005       9147 #   1  2  2  4  2  2  4  2  4  5 ->   2  2  2  4  2  2  3  2  3  5
 A                   546749                   454410   8.6060826384882649E-006       9148 #   1  2  2  4  2  2  4  2  4  5 ->   2  2  2  4  2  2  3  2  4  4
 A                   546749                   534600   2.0180059253954667E-007       9256 #   1  2  2  4  2  2  4  2  4  5 ->   2  2  2  4  2  2  4  0  4  5
 A                   546749                   522450   1.3666566560005642E-007       9238 #   1  2  2  4  2  2  4  2  4  5 ->   2  2  2  4  2  2  4  1  3  5
 A                   546749                   449550   1.7081923938442094E-007       9239 #   1  2  2  4  2  2  4  2  4  5 ->   2  2  2  4  2  2  4  1  4  4
 A                   546749                   510300   2.9101200929955978E-009       9221 #   1  2  2  4  2  2  4  2  4  5 ->   2  2  2  4  2  2  4  2  2  5
 A                   546749                   437400   6.2270865145479774E-007       9222 #   1  2  2  4  2  2  4  2  4  5 ->   2  2  2  4  2  2  4  2  3  4
 A                   546749                   364500   1.2743948710412783E-007       9222 #   1  2  2  4  2  2  4  2  4  5 ->   2  2  2  4  2  2  4  2  4  3

 P                   546723                   546720   8.9921044766350208E-005       6892 #   2  2  2  3  2  2  4  2  4  5 ->   2  1  2  3  2  2  4  2  4  5
 P                   546723                   546714   2.5502186156763460E-005       7012 #   2  2  2  3  2  2  4  2  4  5 ->   2  2  1  3  2  2  4  2  4  5
 P                   546723                   546696   3.7813886806391530E-005       7033 #   2  2  2  3  2  2  4  2  4  5 ->   2  2  2  2  2  2  4  2  4  5
 P                   546723                   546588   1.3300829497737897E-005       7897 #   2  2  2  3  2  2  4  2  4  5 ->   2  2  2  3  1  2  4  2  4  5
 P                   546723                   546318   3.3655128789263204E-006       7938 #   2  2  2  3  2  2  4  2  4  5 ->   2  2  2  3  2  1  4  2  4  5
 P                   546723                   545508   6.7208284455700208E-006       7940 #   2  2  2  3  2  2  4  2  4  5 ->   2  2  2  3  2  2  3  2  4  5
 V                   546723                   540648   1.1021504411626165E-006       8029 #   2  2  2  3  2  2  4  2  4  5 ->   2  2  2  3  2  2  4  1  4  5
 P                   546723                   528498   2.1176427600169461E-007       8011 #   2  2  2  3  2  2  4  2  4  5 ->   2  2  2  3  2  2  4  2  3  5
 P                   546723                   455598   2.6462975245140954E-007       8011 #   2  2  2  3  2  2  4  2  4  5 ->   2  2  2  3  2  2  4  2  4  4

 P                   546741                   546738   8.9921044766350208E-005       6892 #   2  2  1  4  2  2  4  2  4  5 ->   2  1  1  4  2  2  4  2  4  5
 P                   546741                   546732   1.2751093078381730E-005       7012 #   2  2  1  4  2  2  4  2  4  5 ->   2  2  0  4  2  2  4  2  4  5
 P                   546741                   546714   5.0418515741855368E-005       7033 #   2  2  1  4  2  2  4  2  4  5 ->   2  2  1  3  2  2  4  2  4  5
 P                   546741                   546606   1.3300829497737897E-005       7897 #   2  2  1  4  2  2  4  2  4  5 ->   2  2  1  4  1  2  4  2  4  5
 P                   546741                   546336   3.3655128789263204E-006       7938 #   2  2  1  4  2  2  4  2  4  5 ->   2  2  1  4  2  1  4  2  4  5
 P                   546741                   545526   6.7208284455700208E-006       7940 #   2  2  1  4  2  2  4  2  4  5 ->   2  2  1  4  2  2  3  2  4  5
 V                   546741                   540666   1.1021504411626165E-006       8029 #   2  2  1  4  2  2  4  2  4  5 ->   2  2  1  4  2  2  4  1  4  5
 P                   546741                   528516   2.1176427600169461E-007       8011 #   2  2  1  4  2  2  4  2  4  5 ->   2  2  1  4  2  2  4  2  3  5
 P                   546741                   455616   2.6462975245140954E-007       8011 #   2  2  1  4  2  2  4  2  4  5 ->   2  2  1  4  2  2  4  2  4  4

 P                   546749                   546746   9.3287681424958550E-005       6866 #   1  2  2  4  2  2  4  2  4  5 ->   1  1  2  4  2  2  4  2  4  5
 P                   546749                   546740   2.8178289200759325E-005       6975 #   1  2  2  4  2  2  4  2  4  5 ->   1  2  1  4  2  2  4  2  4  5
 P                   546749                   546722   5.5659222644995238E-005       6998 #   1  2  2  4  2  2  4  2  4  5 ->   1  2  2  3  2  2  4  2  4  5
 P                   546749                   546614   1.3615371265456181E-005       7894 #   1  2  2  4  2  2  4  2  4  5 ->   1  2  2  4  1  2  4  2  4  5
 P                   546749                   546344   3.6186951939975859E-006       7935 #   1  2  2  4  2  2  4  2  4  5 ->   1  2  2  4  2  1  4  2  4  5
 P                   546749                   545534   7.2258322775772331E-006       7938 #   1  2  2  4  2  2  4  2  4  5 ->   1  2  2  4  2  2  3  2  4  5
 V                   546749                   540674   1.1279657268134955E-006       8029 #   1  2  2  4  2  2  4  2  4  5 ->   1  2  2  4  2  2  4  1  4  5
 P                   546749                   528524   2.2978357903273380E-007       8012 #   1  2  2  4  2  2  4  2  4  5 ->   1  2  2  4  2  2  4  2  3  5
 P                   546749                   455624   2.8714574860216372E-007       8012 #   1  2  2  4  2  2  4  2  4  5 ->   1  2  2  4  2  2  4  2  4  4

 F                   546720                   546714   5.5768607808268045E-007        114 #   2  1  2  3  2  2  4  2  4  5 ->   2  2  1  3  2  2  4  2  4  5
 F                   546720                   546696   1.4117090046379226E-006        136 #   2  1  2  3  2  2  4  2  4  5 ->   2  2  2  2  2  2  4  2  4  5
 F                   546720                   546318   7.7574101409841597E-005       1075 #   2  1  2  3  2  2  4  2  4  5 ->   2  2  2  3  2  1  4  2  4  5
 F                   546720                   545508   1.5648793147150512E-004       1078 #   2  1  2  3  2  2  4  2  4  5 ->   2  2  2  3  2  2  3  2  4  5
 F                   546720                   546612   1.2185897471221147E-005        898 #   2  1  2  3  2  2  4  2  4  5 ->   2  1  2  4  1  2  4  2  4  5
 F                   546720                   540672   1.3229941617292337E-006       1044 #   2  1  2  3  2  2  4  2  4  5 ->   2  1  2  4  2  2  4  1  4  5
 F                   546720                   528522   3.2934027480538570E-005       1013 #   2  1  2  3  2  2  4  2  4  5 ->   2  1  2  4  2  2  4  2  3  5
 F                   546720                   455622   2.4739378051183593E-004       1014 #   2  1  2  3  2  2  4  2  4  5 ->   2  1  2  4  2  2  4  2  4  4
 A                   546720                   540639   2.4965293459905486E-003         83 #   2  1  2  3  2  2  4  2  4  5 ->   2  2  1  3  2  2  4  1  4  5
 A                   546720                   528489   1.8153290390415432E-002         52 #   2  1  2  3  2  2  4  2  4  5 ->   2  2  1  3  2  2  4  2  3  5
 A                   546720                   455589   2.4170338212345661E-002         53 #   2  1  2  3  2  2  4  2  4  5 ->   2  2  1  3  2  2  4  2  4  4
 A                   546720                   545481   4.1833116431615212E-002          3 #   2  1  2  3  2  2  4  2  4  5 ->   2  2  2  2  2  2  3  2  4  5
 A                   546720                   540621   3.3175342601072942E-003        104 #   2  1  2  3  2  2  4  2  4  5 ->   2  2  2  2  2  2  4  1  4  5
 A                   546720                   528471   3.5263049535531998E-002         74 #   2  1  2  3  2  2  4  2  4  5 ->   2  2  2  2  2  2  4  2  3  5
 A                   546720                   455571   4.2506912453405890E-002         74 #   2  1  2  3  2  2  4  2  4  5 ->   2  2  2  2  2  2  4  2  4  4
 A                   546720                   546453   9.7288115876937524E-004        858 #   2  1  2  3  2  2  4  2  4  5 ->   2  2  2  3  0  2  4  2  4  5
 A                   546720                   546183   1.8097835158766644E-003        898 #   2  1  2  3  2  2  4  2  4  5 ->   2  2  2  3  1  1  4  2  4  5
 A                   546720                   545373   3.6103800836568790E-003        901 #   2  1  2  3  2  2  4  2  4  5 ->   2  2  2  3  1  2  3  2  4  5
 A                   546720                   540513   1.8109814560028737E-004       1003 #   2  1  2  3  2  2  4  2  4  5 ->   2  2  2  3  1  2  4  1  4  5
 A                   546720                   528363   2.4728525011735916E-003        972 #   2  1  2  3  2  2  4  2  4  5 ->   2  2  2  3  1  2  4  2  3  5
 A                   546720                   455463   3.0893544479561829E-003        973 #   2  1  2  3  2  2  4  2  4  5 ->   2  2  2  3  1  2  4  2  4  4
 A                   546720                   545913   2.4298023343610377E-005        939 #   2  1  2  3  2  2  4  2  4  5 ->   2  2  2  3  2  0  4  2  4  5
 A                   546720                   545103   9.8968988184004695E-005        942 #   2  1  2  3  2  2  4  2  4  5 ->   2  2  2  3  2  1  3  2  4  5
 A                   546720                   540243   1.4579034846747785E-004       1043 #   2  1  2  3  2  2  4  2  4  5 ->   2  2  2  3  2  1  4  1  4  5
 A                   546720                   528093   2.9986868447670070E-005       1013 #   2  1  2  3  2  2  4  2  4  5 ->   2  2  2  3  2  1  4  2  3  5
 A                   546720                   455193   5.8649714442885359E-004       1013 #   2  1  2  3  2  2  4  2  4  5 ->   2  2  2  3  2  1  4  2  4  4
 A                   546720                   544293   9.8483299171250841E-005        945 #   2  1  2  3  2  2  4  2  4  5 ->   2  2  2  3  2  2  2  2  4  5
 A                   546720                   539433   2.9090792644978790E-004       1047 #   2  1  2  3  2  2  4  2  4  5 ->   2  2  2  3  2  2  3  1  4  5
 A                   546720                   527283   8.4223108558657107E-004       1016 #   2  1  2  3  2  2  4  2  4  5 ->   2  2  2  3  2  2  3  2  3  5
 A                   546720                   454383   5.0780817275770040E-004       1016 #   2  1  2  3  2  2  4  2  4  5 ->   2  2  2  3  2  2  3  2  4  4
 A                   546720                   534573   8.2145343726755135E-006       1148 #   2  1  2  3  2  2  4  2  4  5 ->   2  2  2  3  2  2  4  0  4  5
 A                   546720                   522423   1.9385277590000034E-004       1118 #   2  1  2  3  2  2  4  2  4  5 ->   2  2  2  3  2  2  4  1  3  5
 A                   546720                   449523   2.4220758605514255E-004       1118 #   2  1  2  3  2  2  4  2  4  5 ->   2  2  2  3  2  2  4  1  4  4
 A                   546720                   510273   9.1530629558957957E-005       1087 #   2  1  2  3  2  2  4  2  4  5 ->   2  2  2  3  2  2  4  2  2  5
 A                   546720                   437373   3.8909414111898280E-003       1088 #   2  1  2  3  2  2  4  2  4  5 ->   2  2  2  3  2  2  4  2  3  4
 A                   546720                   364473   8.6934388703791628E-004       1088 #   2  1  2  3  2  2  4  2  4  5 ->   2  2  2  3  2  2  4  2  4  3
 A                   546720                   546477   8.5573431960453614E-005        722 #   2  1  2  3  2  2  4  2  4  5 ->   2  1  2  4  0  2  4  2  4  5
 A                   546720                   546207   7.0047497769654016E-005        762 #   2  1  2  3  2  2  4  2  4  5 ->   2  1  2  4  1  1  4  2  4  5
 A                   546720                   545397   1.6160176290942972E-003        765 #   2  1  2  3  2  2  4  2  4  5 ->   2  1  2  4  1  2  3  2  4  5
 A                   546720                   540537   1.5323866308500995E-005        867 #   2  1  2  3  2  2  4  2  4  5 ->   2  1  2  4  1  2  4  1  4  5
 A                   546720                   528387   1.3850772873400360E-004        836 #   2  1  2  3  2  2  4  2  4  5 ->   2  1  2  4  1  2  4  2  3  5
 A                   546720                   455487   1.1656284203488131E-004        837 #   2  1  2  3  2  2  4  2  4  5 ->   2  1  2  4  1  2  4  2  4  4
 A                   546720                   545937   2.7099194371774450E-005        803 #   2  1  2  3  2  2  4  2  4  5 ->   2  1  2  4  2  0  4  2  4  5
 A                   546720                   545127   2.5403616018596122E-003        806 #   2  1  2  3  2  2  4  2  4  5 ->   2  1  2  4  2  1  3  2  4  5
 A                   546720                   540267   6.5986118015053786E-006        907 #   2  1  2  3  2  2  4  2  4  5 ->   2  1  2  4  2  1  4  1  4  5
 A                   546720                   528117   1.6506759337723854E-004        877 #   2  1  2  3  2  2  4  2  4  5 ->   2  1  2  4  2  1  4  2  3  5
 A                   546720                   455217   1.2585475306855075E-003        877 #   2  1  2  3  2  2  4  2  4  5 ->   2  1  2  4  2  1  4  2  4  4
 A                   546720                   544317   3.8494635527477651E-003        809 #   2  1  2  3  2  2  4  2  4  5 ->   2  1  2  4  2  2  2  2  4  5
 A                   546720                   539457   1.7026744765444134E-004        910 #   2  1  2  3  2  2  4  2  4  5 ->   2  1  2  4  2  2  3  1  4  5
 A                   546720                   527307   3.1759496055803727E-003        880 #   2  1  2  3  2  2  4  2  4  5 ->   2  1  2  4  2  2  3  2  3  5
 A                   546720                   454407   4.1802848462011103E-003        880 #   2  1  2  3  2  2  4  2  4  5 ->   2  1  2  4  2  2  3  2  4  4
 A                   546720                   534597   6.8272927780128115E-007       1012 #   2  1  2  3  2  2  4  2  4  5 ->   2  1  2  4  2  2  4  0  4  5
 A                   546720                   522447   1.3521040599333858E-005        982 #   2  1  2  3  2  2  4  2  4  5 ->   2  1  2  4  2  2  4  1  3  5
 A                   546720                   449547   1.1735186834296691E-005        982 #   2  1  2  3  2  2  4  2  4  5 ->   2  1  2  4  2  2  4  1  4  4
 A                   546720                   510297   3.8059877177844481E-004        951 #   2  1  2  3  2  2  4  2  4  5 ->   2  1  2  4  2  2  4  2  2  5
 A                   546720                   437397   6.3826566562354536E-003        952 #   2  1  2  3  2  2  4  2  4  5 ->   2  1  2  4  2  2  4  2  3  4
 A                   546720                   364497   3.5092268308608253E-003        952 #   2  1  2  3  2  2  4  2  4  5 ->   2  1  2  4  2  2  4  2  4  3

 F                   546746                   546738   8.2830521285638635E-003       8245 #   1  1  2  4  2  2  4  2  4  5 ->   2  1  1  4  2  2  4  2  4  5
 F                   546746                   546720   1.6707900921402768E-002       8268 #   1  1  2  4  2  2  4  2  4  5 ->   2  1  2  3  2  2  4  2  4  5
 F                   546746                   546342   1.0939057538655354E-003       9240 #   1  1  2  4  2  2  4  2  4  5 ->   2  1  2  4  2  1  4  2  4  5
 F                   546746                   545532   2.1901222473733597E-003       9244 #   1  1  2  4  2  2  4  2  4  5 ->   2  1  2  4  2  2  3  2  4  5
 F                   546746                   546740   4.0249879324760809E-007        104 #   1  1  2  4  2  2  4  2  4  5 ->   1  2  1  4  2  2  4  2  4  5
 F                   546746                   546722   1.4835435912462555E-006        127 #   1  1  2  4  2  2  4  2  4  5 ->   1  2  2  3  2  2  4  2  4  5
 F                   546746                   546344   8.3490654540511908E-005       1099 #   1  1  2  4  2  2  4  2  4  5 ->   1  2  2  4  2  1  4  2  4  5
 F                   546746                   545534   1.6846774648428115E-004       1102 #   1  1  2  4  2  2  4  2  4  5 ->   1  2  2  4  2  2  3  2  4  5
 A                   546746                   546735   1.0000574026671170E-003       7006 #   1  1  2  4  2  2  4  2  4  5 ->   2  0  1  4  2  2  4  2  4  5
 A                   546746                   546717   1.9962534016289965E-003       7030 #   1  1  2  4  2  2  4  2  4  5 ->   2  0  2  3  2  2  4  2  4  5
 A                   546746                   546609   2.4044189215133654E-004       7962 #   1  1  2  4  2  2  4  2  4  5 ->   2  0  2  4  1  2  4  2  4  5
 A                   546746                   546339   1.3647276660774783E-004       8002 #   1  1  2  4  2  2  4  2  4  5 ->   2  0  2  4  2  1  4  2  4  5
 A                   546746                   545529   2.7287568668862806E-004       8005 #   1  1  2  4  2  2  4  2  4  5 ->   2  0  2  4  2  2  3  2  4  5
 A                   546746                   540669   2.5168649067335222E-005       8109 #   1  1  2  4  2  2  4  2  4  5 ->   2  0  2  4  2  2  4  1  4  5
 A                   546746                   528519   1.0371385426070140E-005       8080 #   1  1  2  4  2  2  4  2  4  5 ->   2  0  2  4  2  2  4  2  3  5
 A                   546746                   455619   1.2963007173438970E-005       8080 #   1  1  2  4  2  2  4  2  4  5 ->   2  0  2  4  2  2  4  2  4  4
 A                   546746                   546729   3.9514758238160951E-004       7110 #   1  1  2  4  2  2  4  2  4  5 ->   2  1  0  4  2  2  4  2  4  5
 A                   546746                   546711   9.7949723955635011E-003       7134 #   1  1  2  4  2  2  4  2  4  5 ->   2  1  1  3  2  2  4  2  4  5
 A                   546746                   546603   2.3903321187588745E-004       8066 #   1  1  2  4  2  2  4  2  4  5 ->   2  1  1  4  1  2  4  2  4  5
 A                   546746                   546333   1.0253504698656329E-004       8106 #   1  1  2  4  2  2  4  2  4  5 ->   2  1  1  4  2  1  4  2  4  5
 A                   546746                   545523   1.1534706140621240E-003       8109 #   1  1  2  4  2  2  4  2  4  5 ->   2  1  1  4  2  2  3  2  4  5
 A                   546746                   540663   2.4526067223606797E-005       8213 #   1  1  2  4  2  2  4  2  4  5 ->   2  1  1  4  2  2  4  1  4  5
 A                   546746                   528513   2.9982492633951924E-005       8184 #   1  1  2  4  2  2  4  2  4  5 ->   2  1  1  4  2  2  4  2  3  5
 A                   546746                   455613   9.7125811871584801E-005       8184 #   1  1  2  4  2  2  4  2  4  5 ->   2  1  1  4  2  2  4  2  4  4
 A                   546746                   546693   5.6611798177427369E-003       7157 #   1  1  2  4  2  2  4  2  4  5 ->   2  1  2  2  2  2  4  2  4  5
 A                   546746                   546585   4.7740164218073629E-004       8089 #   1  1  2  4  2  2  4  2  4  5 ->   2  1  2  3  1  2  4  2  4  5
 A                   546746                   546315   1.1500365412758942E-003       8129 #   1  1  2  4  2  2  4  2  4  5 ->   2  1  2  3  2  1  4  2  4  5
 A                   546746                   545505   1.3535626081481210E-003       8132 #   1  1  2  4  2  2  4  2  4  5 ->   2  1  2  3  2  2  3  2  4  5
 A                   546746                   540645   4.8987424216191238E-005       8237 #   1  1  2  4  2  2  4  2  4  5 ->   2  1  2  3  2  2  4  1  4  5
 A                   546746                   528495   1.4506162694477090E-004       8207 #   1  1  2  4  2  2  4  2  4  5 ->   2  1  2  3  2  2  4  2  3  5
 A                   546746                   455595   1.2190268093704611E-004       8208 #   1  1  2  4  2  2  4  2  4  5 ->   2  1  2  3  2  2  4  2  4  4
 A                   546746                   546477   3.2978857925177530E-005       9021 #   1  1  2  4  2  2  4  2  4  5 ->   2  1  2  4  0  2  4  2  4  5
 A                   546746                   546207   3.2731659762323430E-005       9061 #   1  1  2  4  2  2  4  2  4  5 ->   2  1  2  4  1  1  4  2  4  5
 A                   546746                   545397   6.5450625336611152E-005       9064 #   1  1  2  4  2  2  4  2  4  5 ->   2  1  2  4  1  2  3  2  4  5
 A                   546746                   540537   6.8928622628616199E-006       9168 #   1  1  2  4  2  2  4  2  4  5 ->   2  1  2  4  1  2  4  1  4  5
 A                   546746                   528387   2.2530499438808074E-006       9139 #   1  1  2  4  2  2  4  2  4  5 ->   2  1  2  4  1  2  4  2  3  5
 A                   546746                   455487   2.8160532607632189E-006       9140 #   1  1  2  4  2  2  4  2  4  5 ->   2  1  2  4  1  2  4  2  4  4
 A                   546746                   545937   6.3114105169810444E-006       9101 #   1  1  2  4  2  2  4  2  4  5 ->   2  1  2  4  2  0  4  2  4  5
 A                   546746                   545127   1.3639439680582978E-004       9104 #   1  1  2  4  2  2  4  2  4  5 ->   2  1  2  4  2  1  3  2  4  5
 A                   546746                   540267   3.3595181151203150E-006       9209 #   1  1  2  4  2  2  4  2  4  5 ->   2  1  2  4  2  1  4  1  4  5
 A                   546746                   528117   2.6930694083885773E-006       9179 #   1  1  2  4  2  2  4  2  4  5 ->   2  1  2  4  2  1  4  2  3  5
 A                   546746                   455217   9.3050312486351507E-006       9180 #   1  1  2  4  2  2  4  2  4  5 ->   2  1  2  4  2  1  4  2  4  4
 A                   546746                   544317   8.0777296841361376E-005       9107 #   1  1  2  4  2  2  4  2  4  5 ->   2  1  2  4  2  2  2  2  4  5
 A                   546746                   539457   6.7177891939759102E-006       9212 #   1  1  2  4  2  2  4  2  4  5 ->   2  1  2  4  2  2  3  1  4  5
 A                   546746                   527307   1.3930064757273097E-005       9182 #   1  1  2  4  2  2  4  2  4  5 ->   2  1  2  4  2  2  3  2  3  5
 A                   546746                   454407   1.1474128448364645E-005       9183 #   1  1  2  4  2  2  4  2  4  5 ->   2  1  2  4  2  2  3  2  4  4
 A                   546746                   534597   3.6009020564375530E-007       9316 #   1  1  2  4  2  2  4  2  4  5 ->   2  1  2  4  2  2  4  0  4  5
 A                   546746                   522447   2.2847039669562540E-007       9287 #   1  1  2  4  2  2  4  2  4  5 ->   2  1  2  4  2  2  4  1  3  5
 A                   546746                   449547   2.8556174878207496E-007       9287 #   1  1  2  4  2  2  4  2  4  5 ->   2  1  2  4  2  2  4  1  4  4
 A                   546746                   510297   4.6201951438645916E-009       9257 #   1  1  2  4  2  2  4  2  4  5 ->   2  1  2  4  2  2  4  2  2  5
 A                   546746                   437397   9.7982343400467521E-007       9258 #   1  1  2  4  2  2  4  2  4  5 ->   2  1  2  4  2  2  4  2  3  4
 A                   546746                   364497   2.0056117702857611E-007       9258 #   1  1  2  4  2  2  4  2  4  5 ->   2  1  2  4  2  2  4  2  4  3
 A                   546746                   540665   2.6146285273928446E-003         72 #   1  1  2  4  2  2  4  2  4  5 ->   1  2  1  4  2  2  4  1  4  5
 A                   546746                   528515   1.5638424351938039E-002         42 #   1  1  2  4  2  2  4  2  4  5 ->   1  2  1  4  2  2  4  2  3  5
 A                   546746                   455615   2.0426961337653295E-002         43 #   1  1  2  4  2  2  4  2  4  5 ->   1  2  1  4  2  2  4  2  4  4
 A                   546746                   540647   4.5537067657443666E-003         95 #   1  1  2  4  2  2  4  2  4  5 ->   1  2  2  3  2  2  4  1  4  5
 A                   546746                   528497   4.1989621807438614E-002         66 #   1  1  2  4  2  2  4  2  4  5 ->   1  2  2  3  2  2  4  2  3  5
 A                   546746                   455597   5.1041929822856741E-002         66 #   1  1  2  4  2  2  4  2  4  5 ->   1  2  2  3  2  2  4  2  4  4
 A                   546746                   546479   9.5688774755600702E-004        880 #   1  1  2  4  2  2  4  2  4  5 ->   1  2  2  4  0  2  4  2  4  5
 A                   546746                   546209   1.7856793981188852E-003        920 #   1  1  2  4  2  2  4  2  4  5 ->   1  2  2  4  1  1  4  2  4  5
 A                   546746                   545399   3.5620004912304813E-003        923 #   1  1  2  4  2  2  4  2  4  5 ->   1  2  2  4  1  2  3  2  4  5
 A                   546746                   540539   1.7771195448671375E-004       1027 #   1  1  2  4  2  2  4  2  4  5 ->   1  2  2  4  1  2  4  1  4  5
 A                   546746                   528389   2.3956374208073238E-003        998 #   1  1  2  4  2  2  4  2  4  5 ->   1  2  2  4  1  2  4  2  3  5
 A                   546746                   455489   2.9928715118577869E-003        998 #   1  1  2  4  2  2  4  2  4  5 ->   1  2  2  4  1  2  4  2  4  4
 A                   546746                   545939   2.0486993462125468E-005        960 #   1  1  2  4  2  2  4  2  4  5 ->   1  2  2  4  2  0  4  2  4  5
 A                   546746                   545129   1.1165772787083331E-004        963 #   1  1  2  4  2  2  4  2  4  5 ->   1  2  2  4  2  1  3  2  4  5
 A                   546746                   540269   1.4366972134710767E-004       1067 #   1  1  2  4  2  2  4  2  4  5 ->   1  2  2  4  2  1  4  1  4  5
 A                   546746                   528119   2.8326573378935334E-005       1038 #   1  1  2  4  2  2  4  2  4  5 ->   1  2  2  4  2  1  4  2  3  5
 A                   546746                   455219   6.2122528042039262E-004       1038 #   1  1  2  4  2  2  4  2  4  5 ->   1  2  2  4  2  1  4  2  4  4
 A                   546746                   544319   9.7217666712344676E-005        966 #   1  1  2  4  2  2  4  2  4  5 ->   1  2  2  4  2  2  2  2  4  5
 A                   546746                   539459   2.8665545301120258E-004       1071 #   1  1  2  4  2  2  4  2  4  5 ->   1  2  2  4  2  2  3  1  4  5
 A                   546746                   527309   8.9141000034442266E-004       1041 #   1  1  2  4  2  2  4  2  4  5 ->   1  2  2  4  2  2  3  2  3  5
 A                   546746                   454409   5.3279834678210348E-004       1042 #   1  1  2  4  2  2  4  2  4  5 ->   1  2  2  4  2  2  3  2  4  4
 A                   546746                   534599   8.0470526699153984E-006       1175 #   1  1  2  4  2  2  4  2  4  5 ->   1  2  2  4  2  2  4  0  4  5
 A                   546746                   522449   1.8764465131593420E-004       1145 #   1  1  2  4  2  2  4  2  4  5 ->   1  2  2  4  2  2  4  1  3  5
 A                   546746                   449549   2.3444961166014700E-004       1146 #   1  1  2  4  2  2  4  2  4  5 ->   1  2  2  4  2  2  4  1  4  4
 A                   546746                   510299   8.5659511199787607E-005       1116 #   1  1  2  4  2  2  4  2  4  5 ->   1  2  2  4  2  2  4  2  2  5
 A                   546746                   437399   3.6937294321200014E-003       1116 #   1  1  2  4  2  2  4  2  4  5 ->   1  2  2  4  2  2  4  2  3  4
 A                   546746                   364499   8.2404758352958257E-004       1117 #   1  1  2  4  2  2  4  2  4  5 ->   1  2  2  4  2  2  4  2  4  3

 P                   546720                   546717   4.5863417074109723E-005       6837 #   2  1  2  3  2  2  4  2  4  5 ->   2  0  2  3  2  2  4  2  4  5
 P                   546720                   546711   2.6160150702074003E-005       6951 #   2  1  2  3  2  2  4  2  4  5 ->   2  1  1  3  2  2  4  2  4  5
 P                   546720                   546693   3.8778648735497790E-005       6973 #   2  1  2  3  2  2  4  2  4  5 ->   2  1  2  2  2  2  4  2  4  5
 P                   546720                   546585   1.4052166286518464E-005       7871 #   2  1  2  3  2  2  4  2  4  5 ->   2  1  2  3  1  2  4  2  4  5
 P                   546720                   546315   3.6360477998440449E-006       7912 #   2  1  2  3  2  2  4  2  4  5 ->   2  1  2  3  2  1  4  2  4  5
 P                   546720                   545505   7.2602111961366611E-006       7915 #   2  1  2  3  2  2  4  2  4  5 ->   2  1  2  3  2  2  3  2  4  5
 V                   546720                   540645   1.4911812057125194E-006       8016 #   2  1  2  3  2  2  4  2  4  5 ->   2  1  2  3  2  2  4  1  4  5
 P                   546720                   528495   2.7042395659754428E-007       7986 #   2  1  2  3  2  2  4  2  4  5 ->   2  1  2  3  2  2  4  2  3  5
 P                   546720                   455595   3.3791092725584711E-007       7986 #   2  1  2  3  2  2  4  2  4  5 ->   2  1  2  3  2  2  4  2  4  4

 P                   546746                   546743   4.7559348564787937E-005       6809 #   1  1  2  4  2  2  4  2  4  5 ->   1  0  2  4  2  2  4  2  4  5
 P                   546746                   546737   2.8866183970085020E-005       6913 #   1  1  2  4  2  2  4  2  4  5 ->   1  1  1  4  2  2  4  2  4  5
 P                   546746                   546719   5.7001676864837215E-005       6937 #   1  1  2  4  2  2  4  2  4  5 ->   1  1  2  3  2  2  4  2  4  5
 P                   546746                   546611   1.4369577284918584E-005       7868 #   1  1  2  4  2  2  4  2  4  5 ->   1  1  2  4  1  2  4  2  4  5
 P                   546746                   546341   3.9013902364070546E-006       7909 #   1  1  2  4  2  2  4  2  4  5 ->   1  1  2  4  2  1  4  2  4  5
 P                   546746                   545531   7.7893633972752887E-006       7912 #   1  1  2  4  2  2  4  2  4  5 ->   1  1  2  4  2  2  3  2  4  5
 V                   546746                   540671   1.5195191158997794E-006       8016 #   1  1  2  4  2  2  4  2  4  5 ->   1  1  2  4  2  2  4  1  4  5
 P                   546746                   528521   2.9438052276051553E-007       7987 #   1  1  2  4  2  2  4  2  4  5 ->   1  1  2  4  2  2  4  2  3  5
 P                   546746                   455621   3.6784285470049950E-007       7987 #   1  1  2  4  2  2  4  2  4  5 ->   1  1  2  4  2  2  4  2  4  4

 F                   546738                   546732   2.7884303904134022E-007        114 #   2  1  1  4  2  2  4  2  4  5 ->   2  2  0  4  2  2  4  2  4  5
 F                   546738                   546714   1.8822786728505633E-006        136 #   2  1  1  4  2  2  4  2  4  5 ->   2  2  1  3  2  2  4  2  4  5
 F                   546738                   546336   7.7574101409841597E-005       1075 #   2  1  1  4  2  2  4  2  4  5 ->   2  2  1  4  2  1  4  2  4  5
 F                   546738                   545526   1.5648793147150512E-004       1078 #   2  1  1  4  2  2  4  2  4  5 ->   2  2  1  4  2  2  3  2  4  5
 F                   546738                   546612   1.3093391146725786E-005        920 #   2  1  1  4  2  2  4  2  4  5 ->   2  1  2  4  1  2  4  2  4  5
 F                   546738                   540672   1.4075193868241979E-006       1066 #   2  1  1  4  2  2  4  2  4  5 ->   2  1  2  4  2  2  4  1  4  5
 F                   546738                   528522   3.5102998933583265E-004       1035 #   2  1  1  4  2  2  4  2  4  5 ->   2  1  2  4  2  2  4  2  3  5
 A                   546738                   540657   1.2482646729952743E-003         83 #   2  1  1  4  2  2  4  2  4  5 ->   2  2  0  4  2  2  4  1  4  5
 A                   546738                   528507   9.0766451952077158E-003         52 #   2  1  1  4  2  2  4  2  4  5 ->   2  2  0  4  2  2  4  2  3  5
 A                   546738                   455607   1.2085169106172831E-002         53 #   2  1  1  4  2  2  4  2  4  5 ->   2  2  0  4  2  2  4  2  4  4
 A                   546738                   545499   5.5777488575486943E-002          3 #   2  1  1  4  2  2  4  2  4  5 ->   2  2  1  3  2  2  3  2  4  5
 A                   546738                   540639   4.4233790134763926E-003        104 #   2  1  1  4  2  2  4  2  4  5 ->   2  2  1  3  2  2  4  1  4  5
 A                   546738                   528489   4.7017399380709327E-002         74 #   2  1  1  4  2  2  4  2  4  5 ->   2  2  1  3  2  2  4  2  3  5
 A                   546738                   455589   5.6675883271207858E-002         74 #   2  1  1  4  2  2  4  2  4  5 ->   2  2  1  3  2  2  4  2  4  4
 A                   546738                   546471   9.7288115876937524E-004        858 #   2  1  1  4  2  2  4  2  4  5 ->   2  2  1  4  0  2  4  2  4  5
 A                   546738                   546201   1.8097835158766644E-003        898 #   2  1  1  4  2  2  4  2  4  5 ->   2  2  1  4  1  1  4  2  4  5
 A                   546738                   545391   3.6103800836568790E-003        901 #   2  1  1  4  2  2  4  2  4  5 ->   2  2  1  4  1  2  3  2  4  5
 A                   546738                   540531   1.8109814560028737E-004       1003 #   2  1  1  4  2  2  4  2  4  5 ->   2  2  1  4  1  2  4  1  4  5
 A                   546738                   528381   2.4728525011735916E-003        972 #   2  1  1  4  2  2  4  2  4  5 ->   2  2  1  4  1  2  4  2  3  5
 A                   546738                   455481   3.0893544479561829E-003        973 #   2  1  1  4  2  2  4  2  4  5 ->   2  2  1  4  1  2  4  2  4  4
 A                   546738                   545931   2.4298023343610377E-005        939 #   2  1  1  4  2  2  4  2  4  5 ->   2  2  1  4  2  0  4  2  4  5
 A                   546738                   545121   9.8968988184004695E-005        942 #   2  1  1  4  2  2  4  2  4  5 ->   2  2  1  4  2  1  3  2  4  5
 A                   546738                   540261   1.4579034846747785E-004       1043 #   2  1  1  4  2  2  4  2  4  5 ->   2  2  1  4  2  1  4  1  4  5
 A                   546738                   528111   2.9986868447670070E-005       1013 #   2  1  1  4  2  2  4  2  4  5 ->   2  2  1  4  2  1  4  2  3  5
 A                   546738                   455211   5.8649714442885359E-004       1013 #   2  1  1  4  2  2  4  2  4  5 ->   2  2  1  4  2  1  4  2  4  4
 A                   546738                   544311   9.8483299171250841E-005        945 #   2  1  1  4  2  2  4  2  4  5 ->   2  2  1  4  2  2  2  2  4  5
 A                   546738                   539451   2.9090792644978790E-004       1047 #   2  1  1  4  2  2  4  2  4  5 ->   2  2  1  4  2  2  3  1  4  5
 A                   546738                   527301   8.4223108558657107E-004       1016 #   2  1  1  4  2  2  4  2  4  5 ->   2  2  1  4  2  2  3  2  3  5
 A                   546738                   454401   5.0780817275770040E-004       1016 #   2  1  1  4  2  2  4  2  4  5 ->   2  2  1  4  2  2  3  2  4  4
 A                   546738                   534591   8.2145343726755135E-006       1148 #   2  1  1  4  2  2  4  2  4  5 ->   2  2  1  4  2  2  4  0  4  5
 A                   546738                   522441   1.9385277590000034E-004       1118 #   2  1  1  4  2  2  4  2  4  5 ->   2  2  1  4  2  2  4  1  3  5
 A                   546738                   449541   2.4220758605514255E-004       1118 #   2  1  1  4  2  2  4  2  4  5 ->   2  2  1  4  2  2  4  1  4  4
 A                   546738                   510291   9.1530629558957957E-005       1087 #   2  1  1  4  2  2  4  2  4  5 ->   2  2  1  4  2  2  4  2  2  5
 A                   546738                   437391   3.8909414111898280E-003       1088 #   2  1  1  4  2  2  4  2  4  5 ->   2  2  1  4  2  2  4  2  3  4
 A                   546738                   364491   8.6934388703791628E-004       1088 #   2  1  1  4  2  2  4  2  4  5 ->   2  2  1  4  2  2  4  2  4  3
 A                   546738                   546477   8.5146916770362208E-005        743 #   2  1  1  4  2  2  4  2  4  5 ->   2  1  2  4  0  2  4  2  4  5
 A                   546738                   546207   1.5285696252793808E-003        784 #   2  1  1  4  2  2  4  2  4  5 ->   2  1  2  4  1  1  4  2  4  5
 A                   546738                   545397   1.4283363398335372E-004        787 #   2  1  1  4  2  2  4  2  4  5 ->   2  1  2  4  1  2  3  2  4  5
 A                   546738                   540537   1.5260333261852013E-005        889 #   2  1  1  4  2  2  4  2  4  5 ->   2  1  2  4  1  2  4  1  4  5
 A                   546738                   528387   4.8643014675913406E-005        858 #   2  1  1  4  2  2  4  2  4  5 ->   2  1  2  4  1  2  4  2  3  5
 A                   546738                   455487   1.8084690934031431E-004        859 #   2  1  1  4  2  2  4  2  4  5 ->   2  1  2  4  1  2  4  2  4  4
 A                   546738                   545937   1.3621175855270885E-003        824 #   2  1  1  4  2  2  4  2  4  5 ->   2  1  2  4  2  0  4  2  4  5
 A                   546738                   545127   4.8238861715540413E-003        828 #   2  1  1  4  2  2  4  2  4  5 ->   2  1  2  4  2  1  3  2  4  5
 A                   546738                   540267   1.6197293400921009E-004        929 #   2  1  1  4  2  2  4  2  4  5 ->   2  1  2  4  2  1  4  1  4  5
 A                   546738                   528117   2.1875751266364398E-003        899 #   2  1  1  4  2  2  4  2  4  5 ->   2  1  2  4  2  1  4  2  3  5
 A                   546738                   455217   3.5035533154161138E-003        899 #   2  1  1  4  2  2  4  2  4  5 ->   2  1  2  4  2  1  4  2  4  4
 A                   546738                   544317   1.3812721158735944E-004        831 #   2  1  1  4  2  2  4  2  4  5 ->   2  1  2  4  2  2  2  2  4  5
 A                   546738                   539457   1.3475187762163638E-005        932 #   2  1  1  4  2  2  4  2  4  5 ->   2  1  2  4  2  2  3  1  4  5
 A                   546738                   527307   2.9506098750671696E-003        902 #   2  1  1  4  2  2  4  2  4  5 ->   2  1  2  4  2  2  3  2  3  5
 A                   546738                   454407   3.4854885256119196E-004        902 #   2  1  1  4  2  2  4  2  4  5 ->   2  1  2  4  2  2  3  2  4  4
 A                   546738                   534597   6.7956798900787291E-007       1034 #   2  1  1  4  2  2  4  2  4  5 ->   2  1  2  4  2  2  4  0  4  5
 A                   546738                   522447   5.1834812901747913E-006       1003 #   2  1  1  4  2  2  4  2  4  5 ->   2  1  2  4  2  2  4  1  3  5
 A                   546738                   449547   1.7522387530441882E-005       1004 #   2  1  1  4  2  2  4  2  4  5 ->   2  1  2  4  2  2  4  1  4  4
 A                   546738                   510297   2.2176445190668281E-003        973 #   2  1  1  4  2  2  4  2  4  5 ->   2  1  2  4  2  2  4  2  2  5
 A                   546738                   437397   8.4758521215733788E-003        973 #   2  1  1  4  2  2  4  2  4  5 ->   2  1  2  4  2  2  4  2  3  4
 A                   546738                   364497   3.2747756115689684E-004        974 #   2  1  1  4  2  2  4  2  4  5 ->   2  1  2  4  2  2  4  2  4  3

 P                   546738                   546735   4.5863417074109723E-005       6837 #   2  1  1  4  2  2  4  2  4  5 ->   2  0  1  4  2  2  4  2  4  5
 P                   546738                   546729   1.3080075351037001E-005       6951 #   2  1  1  4  2  2  4  2  4  5 ->   2  1  0  4  2  2  4  2  4  5
 P                   546738                   546711   5.1704864980663720E-005       6973 #   2  1  1  4  2  2  4  2  4  5 ->   2  1  1  3  2  2  4  2  4  5
 P                   546738                   546603   1.4052166286518464E-005       7871 #   2  1  1  4  2  2  4  2  4  5 ->   2  1  1  4  1  2  4  2  4  5
 P                   546738                   546333   3.6360477998440449E-006       7912 #   2  1  1  4  2  2  4  2  4  5 ->   2  1  1  4  2  1  4  2  4  5
 P                   546738                   545523   7.2602111961366611E-006       7915 #   2  1  1  4  2  2  4  2  4  5 ->   2  1  1  4  2  2  3  2  4  5
 V                   546738                   540663   1.4911812057125194E-006       8016 #   2  1  1  4  2  2  4  2  4  5 ->   2  1  1  4  2  2  4  1  4  5
 P                   546738                   528513   2.7042395659754428E-007       7986 #   2  1  1  4  2  2  4  2  4  5 ->   2  1  1  4  2  2  4  2  3  5
 P                   546738                   455613   3.3791092725584711E-007       7986 #   2  1  1  4  2  2  4  2  4  5 ->   2  1  1  4  2  2  4  2  4  4

 F                   546696                   546588   2.4393395211884074E-005        906 #   2  2  2  2  2  2  4  2  4  5 ->   2  2  2  3  1  2  4  2  4  5
 F                   546696                   540648   2.6470245007243578E-006       1051 #   2  2  2  2  2  2  4  2  4  5 ->   2  2  2  3  2  2  4  1  4  5
 F                   546696                   528498   6.6682913356442679E-005       1021 #   2  2  2  2  2  2  4  2  4  5 ->   2  2  2  3  2  2  4  2  3  5
 F                   546696                   455598   5.0091275942076147E-004       1021 #   2  2  2  2  2  2  4  2  4  5 ->   2  2  2  3  2  2  4  2  4  4
 A                   546696                   546453   1.6906742871262555E-004        728 #   2  2  2  2  2  2  4  2  4  5 ->   2  2  2  3  0  2  4  2  4  5
 A                   546696                   546183   1.3962677391373367E-004        769 #   2  2  2  2  2  2  4  2  4  5 ->   2  2  2  3  1  1  4  2  4  5
 A                   546696                   545373   3.1985504303832330E-003        772 #   2  2  2  2  2  2  4  2  4  5 ->   2  2  2  3  1  2  3  2  4  5
 A                   546696                   540513   3.0264636022118700E-005        874 #   2  2  2  2  2  2  4  2  4  5 ->   2  2  2  3  1  2  4  1  4  5
 A                   546696                   528363   2.7707678746577560E-004        843 #   2  2  2  2  2  2  4  2  4  5 ->   2  2  2  3  1  2  4  2  3  5
 A                   546696                   455463   2.2999385532509605E-004        844 #   2  2  2  2  2  2  4  2  4  5 ->   2  2  2  3  1  2  4  2  4  4
 A                   546696                   545913   5.3764604609801646E-005        809 #   2  2  2  2  2  2  4  2  4  5 ->   2  2  2  3  2  0  4  2  4  5
 A                   546696                   545103   5.0313433041676717E-003        812 #   2  2  2  2  2  2  4  2  4  5 ->   2  2  2  3  2  1  3  2  4  5
 A                   546696                   540243   1.3160406518930459E-005        914 #   2  2  2  2  2  2  4  2  4  5 ->   2  2  2  3  2  1  4  1  4  5
 A                   546696                   528093   3.3027782578540080E-004        884 #   2  2  2  2  2  2  4  2  4  5 ->   2  2  2  3  2  1  4  2  3  5
 A                   546696                   455193   2.5120190916267764E-003        884 #   2  2  2  2  2  2  4  2  4  5 ->   2  2  2  3  2  1  4  2  4  4
 A                   546696                   544293   7.6242552967528939E-003        816 #   2  2  2  2  2  2  4  2  4  5 ->   2  2  2  3  2  2  2  2  4  5
 A                   546696                   539433   3.3676345859330234E-004        918 #   2  2  2  2  2  2  4  2  4  5 ->   2  2  2  3  2  2  3  1  4  5
 A                   546696                   527283   6.3116022374376420E-003        887 #   2  2  2  2  2  2  4  2  4  5 ->   2  2  2  3  2  2  3  2  3  5
 A                   546696                   454383   8.3212133266066073E-003        888 #   2  2  2  2  2  2  4  2  4  5 ->   2  2  2  3  2  2  3  2  4  4
 A                   546696                   534573   1.3474814191296262E-006       1020 #   2  2  2  2  2  2  4  2  4  5 ->   2  2  2  3  2  2  4  0  4  5
 A                   546696                   522423   2.6979618860234356E-005        989 #   2  2  2  2  2  2  4  2  4  5 ->   2  2  2  3  2  2  4  1  3  5
 A                   546696                   449523   2.3096690180726153E-005        990 #   2  2  2  2  2  2  4  2  4  5 ->   2  2  2  3  2  2  4  1  4  4
 A                   546696                   510273   7.5776284315123648E-004        958 #   2  2  2  2  2  2  4  2  4  5 ->   2  2  2  3  2  2  4  2  2  5
 A                   546696                   437373   1.2706087393698983E-002        959 #   2  2  2  2  2  2  4  2  4  5 ->   2  2  2  3  2  2  4  2  3  4
 A                   546696                   364473   6.9863456885997906E-003        960 #   2  2  2  2  2  2  4  2  4  5 ->   2  2  2  3  2  2  4  2  4  3

 F                   546722                   546714   8.3471461009270130E-003       8255 #   1  2  2  3  2  2  4  2  4  5 ->   2  2  1  3  2  2  4  2  4  5
 F                   546722                   546696   1.2628645999849536E-002       8279 #   1  2  2  3  2  2  4  2  4  5 ->   2  2  2  2  2  2  4  2  4  5
 F                   546722                   546318   1.0966673497173100E-003       9258 #   1  2  2  3  2  2  4  2  4  5 ->   2  2  2  3  2  1  4  2  4  5
 F                   546722                   545508   2.1956553136015548E-003       9262 #   1  2  2  3  2  2  4  2  4  5 ->   2  2  2  3  2  2  3  2  4  5
 F                   546722                   546614   1.2201878745023662E-005        939 #   1  2  2  3  2  2  4  2  4  5 ->   1  2  2  4  1  2  4  2  4  5
 F                   546722                   540674   1.3222635920948487E-006       1087 #   1  2  2  3  2  2  4  2  4  5 ->   1  2  2  4  2  2  4  1  4  5
 F                   546722                   528524   3.4343901995413405E-005       1058 #   1  2  2  3  2  2  4  2  4  5 ->   1  2  2  4  2  2  4  2  3  5
 F                   546722                   455624   2.5798357847612880E-004       1058 #   1  2  2  3  2  2  4  2  4  5 ->   1  2  2  4  2  2  4  2  4  4
 A                   546722                   546717   1.7455306086603028E-003       6909 #   1  2  2  3  2  2  4  2  4  5 ->   2  0  2  3  2  2  4  2  4  5
 A                   546722                   546711   2.0203058544045129E-003       7011 #   1  2  2  3  2  2  4  2  4  5 ->   2  1  1  3  2  2  4  2  4  5
 A                   546722                   546693   3.0245802896277929E-003       7035 #   1  2  2  3  2  2  4  2  4  5 ->   2  1  2  2  2  2  4  2  4  5
 A                   546722                   546585   4.8299793879443182E-004       7974 #   1  2  2  3  2  2  4  2  4  5 ->   2  1  2  3  1  2  4  2  4  5
 A                   546722                   546315   2.7436113202254522E-004       8014 #   1  2  2  3  2  2  4  2  4  5 ->   2  1  2  3  2  1  4  2  4  5
 A                   546722                   545505   5.4858166946360881E-004       8017 #   1  2  2  3  2  2  4  2  4  5 ->   2  1  2  3  2  2  3  2  4  5
 A                   546722                   540645   5.0508950822050100E-005       8122 #   1  2  2  3  2  2  4  2  4  5 ->   2  1  2  3  2  2  4  1  4  5
 A                   546722                   528495   2.1102447470868405E-005       8092 #   1  2  2  3  2  2  4  2  4  5 ->   2  1  2  3  2  2  4  2  3  5
 A                   546722                   455595   2.6375541737976612E-005       8093 #   1  2  2  3  2  2  4  2  4  5 ->   2  1  2  3  2  2  4  2  4  4
 A                   546722                   546705   4.0007676946461813E-004       7113 #   1  2  2  3  2  2  4  2  4  5 ->   2  2  0  3  2  2  4  2  4  5
 A                   546722                   546687   7.4297587493011097E-003       7136 #   1  2  2  3  2  2  4  2  4  5 ->   2  2  1  2  2  2  4  2  4  5
 A                   546722                   546579   2.4032547250365862E-004       8076 #   1  2  2  3  2  2  4  2  4  5 ->   2  2  1  3  1  2  4  2  4  5
 A                   546722                   546309   1.0327659594610428E-004       8116 #   1  2  2  3  2  2  4  2  4  5 ->   2  2  1  3  2  1  4  2  4  5
 A                   546722                   545499   1.1600088662801959E-003       8119 #   1  2  2  3  2  2  4  2  4  5 ->   2  2  1  3  2  2  3  2  4  5
 A                   546722                   540639   2.4634884753043352E-005       8223 #   1  2  2  3  2  2  4  2  4  5 ->   2  2  1  3  2  2  4  1  4  5
 A                   546722                   528489   3.0546705711888587E-005       8194 #   1  2  2  3  2  2  4  2  4  5 ->   2  2  1  3  2  2  4  2  3  5
 A                   546722                   455589   9.8948777388807653E-005       8195 #   1  2  2  3  2  2  4  2  4  5 ->   2  2  1  3  2  2  4  2  4  4
 A                   546722                   546669   2.8631259473730856E-003       7160 #   1  2  2  3  2  2  4  2  4  5 ->   2  2  2  1  2  2  4  2  4  5
 A                   546722                   546561   3.5998557266380321E-004       8099 #   1  2  2  3  2  2  4  2  4  5 ->   2  2  2  2  1  2  4  2  4  5
 A                   546722                   546291   8.6740106224562224E-004       8139 #   1  2  2  3  2  2  4  2  4  5 ->   2  2  2  2  2  1  4  2  4  5
 A                   546722                   545481   1.0211465362029439E-003       8142 #   1  2  2  3  2  2  4  2  4  5 ->   2  2  2  2  2  2  3  2  4  5
 A                   546722                   540621   3.6903398770222764E-005       8247 #   1  2  2  3  2  2  4  2  4  5 ->   2  2  2  2  2  2  4  1  4  5
 A                   546722                   528471   1.1083511367599100E-004       8218 #   1  2  2  3  2  2  4  2  4  5 ->   2  2  2  2  2  2  4  2  3  5
 A                   546722                   455571   9.3141278776809412E-005       8218 #   1  2  2  3  2  2  4  2  4  5 ->   2  2  2  2  2  2  4  2  4  4
 A                   546722                   546453   3.2980432495095861E-005       9039 #   1  2  2  3  2  2  4  2  4  5 ->   2  2  2  3  0  2  4  2  4  5
 A                   546722                   546183   3.2748453669538736E-005       9079 #   1  2  2  3  2  2  4  2  4  5 ->   2  2  2  3  1  1  4  2  4  5
 A                   546722                   545373   6.5484229126475563E-005       9082 #   1  2  2  3  2  2  4  2  4  5 ->   2  2  2  3  1  2  3  2  4  5
 A                   546722                   540513   6.8863651515415439E-006       9186 #   1  2  2  3  2  2  4  2  4  5 ->   2  2  2  3  1  2  4  1  4  5
 A                   546722                   528363   2.2806982816094572E-006       9157 #   1  2  2  3  2  2  4  2  4  5 ->   2  2  2  3  1  2  4  2  3  5
 A                   546722                   455463   2.8506080139109158E-006       9158 #   1  2  2  3  2  2  4  2  4  5 ->   2  2  2  3  1  2  4  2  4  4
 A                   546722                   545913   6.3204736331477821E-006       9119 #   1  2  2  3  2  2  4  2  4  5 ->   2  2  2  3  2  0  4  2  4  5
 A                   546722                   545103   1.3639810740399347E-004       9122 #   1  2  2  3  2  2  4  2  4  5 ->   2  2  2  3  2  1  3  2  4  5
 A                   546722                   540243   3.3579884109012659E-006       9226 #   1  2  2  3  2  2  4  2  4  5 ->   2  2  2  3  2  1  4  1  4  5
 A                   546722                   528093   2.7239845840392910E-006       9197 #   1  2  2  3  2  2  4  2  4  5 ->   2  2  2  3  2  1  4  2  3  5
 A                   546722                   455193   9.4158272264196650E-006       9198 #   1  2  2  3  2  2  4  2  4  5 ->   2  2  2  3  2  1  4  2  4  4
 A                   546722                   544293   8.0797262422329370E-005       9125 #   1  2  2  3  2  2  4  2  4  5 ->   2  2  2  3  2  2  2  2  4  5
 A                   546722                   539433   6.7147307073447813E-006       9230 #   1  2  2  3  2  2  4  2  4  5 ->   2  2  2  3  2  2  3  1  4  5
 A                   546722                   527283   1.4095714283312373E-005       9200 #   1  2  2  3  2  2  4  2  4  5 ->   2  2  2  3  2  2  3  2  3  5
 A                   546722                   454383   1.1609015881510549E-005       9201 #   1  2  2  3  2  2  4  2  4  5 ->   2  2  2  3  2  2  3  2  4  4
 A                   546722                   534573   3.5939523163063934E-007       9334 #   1  2  2  3  2  2  4  2  4  5 ->   2  2  2  3  2  2  4  0  4  5
 A                   546722                   522423   2.3105085875727788E-007       9305 #   1  2  2  3  2  2  4  2  4  5 ->   2  2  2  3  2  2  4  1  3  5
 A                   546722                   449523   2.8878676667303025E-007       9305 #   1  2  2  3  2  2  4  2  4  5 ->   2  2  2  3  2  2  4  1  4  4
 A                   546722                   510273   4.7383812569332938E-009       9275 #   1  2  2  3  2  2  4  2  4  5 ->   2  2  2  3  2  2  4  2  2  5
 A                   546722                   437373   1.0041729734411201E-006       9276 #   1  2  2  3  2  2  4  2  4  5 ->   2  2  2  3  2  2  4  2  3  4
 A                   546722                   364473   2.0554846081420903E-007       9277 #   1  2  2  3  2  2  4  2  4  5 ->   2  2  2  3  2  2  4  2  4  3
 A                   546722                   546479   8.0661529828186186E-005        760 #   1  2  2  3  2  2  4  2  4  5 ->   1  2  2  4  0  2  4  2  4  5
 A                   546722                   546209   6.9125570769565373E-005        800 #   1  2  2  3  2  2  4  2  4  5 ->   1  2  2  4  1  1  4  2  4  5
 A                   546722                   545399   1.5509651069896611E-003        803 #   1  2  2  3  2  2  4  2  4  5 ->   1  2  2  4  1  2  3  2  4  5
 A                   546722                   540539   1.4416385945488840E-005        908 #   1  2  2  3  2  2  4  2  4  5 ->   1  2  2  4  1  2  4  1  4  5
 A                   546722                   528389   1.3588151849735133E-004        878 #   1  2  2  3  2  2  4  2  4  5 ->   1  2  2  4  1  2  4  2  3  5
 A                   546722                   455489   1.0578795951896693E-004        879 #   1  2  2  3  2  2  4  2  4  5 ->   1  2  2  4  1  2  4  2  4  4
 A                   546722                   545939   2.5987286252355472E-005        840 #   1  2  2  3  2  2  4  2  4  5 ->   1  2  2  4  2  0  4  2  4  5
 A                   546722                   545129   2.4514725153990499E-003        843 #   1  2  2  3  2  2  4  2  4  5 ->   1  2  2  4  2  1  3  2  4  5
 A                   546722                   540269   6.5232127737934574E-006        948 #   1  2  2  3  2  2  4  2  4  5 ->   1  2  2  4  2  1  4  1  4  5
 A                   546722                   528119   1.5568103286553008E-004        918 #   1  2  2  3  2  2  4  2  4  5 ->   1  2  2  4  2  1  4  2  3  5
 A                   546722                   455219   1.1785826731673798E-003        919 #   1  2  2  3  2  2  4  2  4  5 ->   1  2  2  4  2  1  4  2  4  4
 A                   546722                   544319   3.7121906949712279E-003        846 #   1  2  2  3  2  2  4  2  4  5 ->   1  2  2  4  2  2  2  2  4  5
 A                   546722                   539459   1.6285856905143804E-004        951 #   1  2  2  3  2  2  4  2  4  5 ->   1  2  2  4  2  2  3  1  4  5
 A                   546722                   527309   2.9871642520283648E-003        921 #   1  2  2  3  2  2  4  2  4  5 ->   1  2  2  4  2  2  3  2  3  5
 A                   546722                   454409   3.9319417882768947E-003        922 #   1  2  2  3  2  2  4  2  4  5 ->   1  2  2  4  2  2  3  2  4  4
 A                   546722                   534599   6.3996447901517281E-007       1055 #   1  2  2  3  2  2  4  2  4  5 ->   1  2  2  4  2  2  4  0  4  5
 A                   546722                   522449   1.3092486254749559E-005       1026 #   1  2  2  3  2  2  4  2  4  5 ->   1  2  2  4  2  2  4  1  3  5
 A                   546722                   449549   1.0481717618187089E-005       1026 #   1  2  2  3  2  2  4  2  4  5 ->   1  2  2  4  2  2  4  1  4  4
 A                   546722                   510299   3.4516986685061591E-004        996 #   1  2  2  3  2  2  4  2  4  5 ->   1  2  2  4  2  2  4  2  2  5
 A                   546722                   437399   5.8108166725757016E-003        997 #   1  2  2  3  2  2  4  2  4  5 ->   1  2  2  4  2  2  4  2  3  4
 A                   546722                   364499   3.1905673613462126E-003        998 #   1  2  2  3  2  2  4  2  4  5 ->   1  2  2  4  2  2  4  2  4  3

 P                   546696                   546693   9.2305812960377081E-005       6831 #   2  2  2  2  2  2  4  2  4  5 ->   2  1  2  2  2  2  4  2  4  5
 P                   546696                   546687   2.6414376595470867E-005       6943 #   2  2  2  2  2  2  4  2  4  5 ->   2  2  1  2  2  2  4  2  4  5
 P                   546696                   546669   2.6100978269715320E-005       6965 #   2  2  2  2  2  2  4  2  4  5 ->   2  2  2  1  2  2  4  2  4  5
 P                   546696                   546561   1.4084272193481985E-005       7871 #   2  2  2  2  2  2  4  2  4  5 ->   2  2  2  2  1  2  4  2  4  5
 P                   546696                   546291   3.6530541991594919E-006       7911 #   2  2  2  2  2  2  4  2  4  5 ->   2  2  2  2  2  1  4  2  4  5
 P                   546696                   545481   7.2941207370550719E-006       7914 #   2  2  2  2  2  2  4  2  4  5 ->   2  2  2  2  2  2  3  2  4  5
 V                   546696                   540621   1.4931119679728860E-006       8016 #   2  2  2  2  2  2  4  2  4  5 ->   2  2  2  2  2  2  4  1  4  5
 P                   546696                   528471   2.7595782617494830E-007       7986 #   2  2  2  2  2  2  4  2  4  5 ->   2  2  2  2  2  2  4  2  3  5
 P                   546696                   455571   3.4482423373954816E-007       7986 #   2  2  2  2  2  2  4  2  4  5 ->   2  2  2  2  2  2  4  2  4  4

 P                   546722                   546719   9.5774401877989310E-005       6804 #   1  2  2  3  2  2  4  2  4  5 ->   1  1  2  3  2  2  4  2  4  5
 P                   546722                   546713   2.9144138827266995E-005       6905 #   1  2  2  3  2  2  4  2  4  5 ->   1  2  1  3  2  2  4  2  4  5
 P                   546722                   546695   4.3158089909565384E-005       6929 #   1  2  2  3  2  2  4  2  4  5 ->   1  2  2  2  2  2  4  2  4  5
 P                   546722                   546587   1.4410072781068526E-005       7868 #   1  2  2  3  2  2  4  2  4  5 ->   1  2  2  3  1  2  4  2  4  5
 P                   546722                   546317   3.9187386991546235E-006       7908 #   1  2  2  3  2  2  4  2  4  5 ->   1  2  2  3  2  1  4  2  4  5
 P                   546722                   545507   7.8239470466269716E-006       7911 #   1  2  2  3  2  2  4  2  4  5 ->   1  2  2  3  2  2  3  2  4  5
 V                   546722                   540647   1.5222580863928338E-006       8016 #   1  2  2  3  2  2  4  2  4  5 ->   1  2  2  3  2  2  4  1  4  5
 P                   546722                   528497   3.0057589605998364E-007       7987 #   1  2  2  3  2  2  4  2  4  5 ->   1  2  2  3  2  2  4  2  3  5
 P                   546722                   455597   3.7558247142892816E-007       7987 #   1  2  2  3  2  2  4  2  4  5 ->   1  2  2  3  2  2  4  2  4  4

 F                   546714                   546588   1.3105287784649620E-005        928 #   2  2  1  3  2  2  4  2  4  5 ->   2  2  2  3  1  2  4  2  4  5
 F                   546714                   540648   1.4081743095850958E-006       1073 #   2  2  1  3  2  2  4  2  4  5 ->   2  2  2  3  2  2  4  1  4  5
 F                   546714                   528498   3.5539372861214004E-004       1043 #   2  2  1  3  2  2  4  2  4  5 ->   2  2  2  3  2  2  4  2  3  5
 F                   546714                   546606   1.2196697605942037E-005        906 #   2  2  1  3  2  2  4  2  4  5 ->   2  2  1  4  1  2  4  2  4  5
 F                   546714                   540666   1.3235122503621789E-006       1051 #   2  2  1  3  2  2  4  2  4  5 ->   2  2  1  4  2  2  4  1  4  5
 F                   546714                   528516   3.3341456678221340E-005       1021 #   2  2  1  3  2  2  4  2  4  5 ->   2  2  1  4  2  2  4  2  3  5
 F                   546714                   455616   2.5045637971038073E-004       1021 #   2  2  1  3  2  2  4  2  4  5 ->   2  2  1  4  2  2  4  2  4  4
 A                   546714                   546453   8.4077638001872634E-005        750 #   2  2  1  3  2  2  4  2  4  5 ->   2  2  2  3  0  2  4  2  4  5
 A                   546714                   546183   1.5122493343842124E-003        791 #   2  2  1  3  2  2  4  2  4  5 ->   2  2  2  3  1  1  4  2  4  5
 A                   546714                   545373   1.4236667379464735E-004        794 #   2  2  1  3  2  2  4  2  4  5 ->   2  2  2  3  1  2  3  2  4  5
 A                   546714                   540513   1.5063332107571330E-005        896 #   2  2  1  3  2  2  4  2  4  5 ->   2  2  2  3  1  2  4  1  4  5
 A                   546714                   528363   4.6846185359386665E-005        865 #   2  2  1  3  2  2  4  2  4  5 ->   2  2  2  3  1  2  4  2  3  5
 A                   546714                   455463   1.8129166497884831E-004        866 #   2  2  1  3  2  2  4  2  4  5 ->   2  2  2  3  1  2  4  2  4  4
 A                   546714                   545913   1.3489358933198373E-003        831 #   2  2  1  3  2  2  4  2  4  5 ->   2  2  2  3  2  0  4  2  4  5
 A                   546714                   545103   4.7767060843839117E-003        834 #   2  2  1  3  2  2  4  2  4  5 ->   2  2  2  3  2  1  3  2  4  5
 A                   546714                   540243   1.6012205622529716E-004        936 #   2  2  1  3  2  2  4  2  4  5 ->   2  2  2  3  2  1  4  1  4  5
 A                   546714                   528093   2.1761735682094495E-003        906 #   2  2  1  3  2  2  4  2  4  5 ->   2  2  2  3  2  1  4  2  3  5
 A                   546714                   455193   3.4794052681105989E-003        906 #   2  2  1  3  2  2  4  2  4  5 ->   2  2  2  3  2  1  4  2  4  4
 A                   546714                   544293   1.3695052412468004E-004        837 #   2  2  1  3  2  2  4  2  4  5 ->   2  2  2  3  2  2  2  2  4  5
 A                   546714                   539433   1.3437499007574565E-005        939 #   2  2  1  3  2  2  4  2  4  5 ->   2  2  2  3  2  2  3  1  4  5
 A                   546714                   527283   2.9457169752951972E-003        909 #   2  2  1  3  2  2  4  2  4  5 ->   2  2  2  3  2  2  3  2  3  5
 A                   546714                   454383   3.4720242562077627E-004        909 #   2  2  1  3  2  2  4  2  4  5 ->   2  2  2  3  2  2  3  2  4  4
 A                   546714                   534573   6.7037142326442321E-007       1041 #   2  2  1  3  2  2  4  2  4  5 ->   2  2  2  3  2  2  4  0  4  5
 A                   546714                   522423   4.9854216069064408E-006       1011 #   2  2  1  3  2  2  4  2  4  5 ->   2  2  2  3  2  2  4  1  3  5
 A                   546714                   449523   1.7519701186926948E-005       1011 #   2  2  1  3  2  2  4  2  4  5 ->   2  2  2  3  2  2  4  1  4  4
 A                   546714                   510273   2.2075781868205022E-003        980 #   2  2  1  3  2  2  4  2  4  5 ->   2  2  2  3  2  2  4  2  2  5
 A                   546714                   437373   8.4367597717725402E-003        981 #   2  2  1  3  2  2  4  2  4  5 ->   2  2  2  3  2  2  4  2  3  4
 A                   546714                   364473   3.2585556033497384E-004        982 #   2  2  1  3  2  2  4  2  4  5 ->   2  2  2  3  2  2  4  2  4  3
 A                   546714                   546471   8.4533714356312776E-005        728 #   2  2  1  3  2  2  4  2  4  5 ->   2  2  1  4  0  2  4  2  4  5
 A                   546714                   546201   6.9813386956866835E-005        769 #   2  2  1  3  2  2  4  2  4  5 ->   2  2  1  4  1  1  4  2  4  5
 A                   546714                   545391   1.5992752151916165E-003        772 #   2  2  1  3  2  2  4  2  4  5 ->   2  2  1  4  1  2  3  2  4  5
 A                   546714                   540531   1.5132318011059350E-005        874 #   2  2  1  3  2  2  4  2  4  5 ->   2  2  1  4  1  2  4  1  4  5
 A                   546714                   528381   1.3853839373288780E-004        843 #   2  2  1  3  2  2  4  2  4  5 ->   2  2  1  4  1  2  4  2  3  5
 A                   546714                   455481   1.1499692766254802E-004        844 #   2  2  1  3  2  2  4  2  4  5 ->   2  2  1  4  1  2  4  2  4  4
 A                   546714                   545931   2.6882302304900823E-005        809 #   2  2  1  3  2  2  4  2  4  5 ->   2  2  1  4  2  0  4  2  4  5
 A                   546714                   545121   2.5156716520838359E-003        812 #   2  2  1  3  2  2  4  2  4  5 ->   2  2  1  4  2  1  3  2  4  5
 A                   546714                   540261   6.5802032594652296E-006        914 #   2  2  1  3  2  2  4  2  4  5 ->   2  2  1  4  2  1  4  1  4  5
 A                   546714                   528111   1.6513891289270040E-004        884 #   2  2  1  3  2  2  4  2  4  5 ->   2  2  1  4  2  1  4  2  3  5
 A                   546714                   455211   1.2560095458133882E-003        884 #   2  2  1  3  2  2  4  2  4  5 ->   2  2  1  4  2  1  4  2  4  4
 A                   546714                   544311   3.8121276483764469E-003        816 #   2  2  1  3  2  2  4  2  4  5 ->   2  2  1  4  2  2  2  2  4  5
 A                   546714                   539451   1.6838172929665117E-004        918 #   2  2  1  3  2  2  4  2  4  5 ->   2  2  1  4  2  2  3  1  4  5
 A                   546714                   527301   3.1558011187188210E-003        887 #   2  2  1  3  2  2  4  2  4  5 ->   2  2  1  4  2  2  3  2  3  5
 A                   546714                   454401   4.1606066633033036E-003        888 #   2  2  1  3  2  2  4  2  4  5 ->   2  2  1  4  2  2  3  2  4  4
 A                   546714                   534591   6.7374070956481308E-007       1020 #   2  2  1  3  2  2  4  2  4  5 ->   2  2  1  4  2  2  4  0  4  5
 A                   546714                   522441   1.3489809430117178E-005        989 #   2  2  1  3  2  2  4  2  4  5 ->   2  2  1  4  2  2  4  1  3  5
 A                   546714                   449541   1.1548345090363076E-005        990 #   2  2  1  3  2  2  4  2  4  5 ->   2  2  1  4  2  2  4  1  4  4
 A                   546714                   510291   3.7888142157561824E-004        958 #   2  2  1  3  2  2  4  2  4  5 ->   2  2  1  4  2  2  4  2  2  5
 A                   546714                   437391   6.3530436968494914E-003        959 #   2  2  1  3  2  2  4  2  4  5 ->   2  2  1  4  2  2  4  2  3  4
 A                   546714                   364491   3.4931728442998953E-003        960 #   2  2  1  3  2  2  4  2  4  5 ->   2  2  1  4  2  2  4  2  4  3

 P                   546714                   546711   9.2305812960377081E-005       6831 #   2  2  1  3  2  2  4  2  4  5 ->   2  1  1  3  2  2  4  2  4  5
 P                   546714                   546705   1.3207188297735434E-005       6943 #   2  2  1  3  2  2  4  2  4  5 ->   2  2  0  3  2  2  4  2  4  5
 P                   546714                   546687   3.9151467404572977E-005       6965 #   2  2  1  3  2  2  4  2  4  5 ->   2  2  1  2  2  2  4  2  4  5
 P                   546714                   546579   1.4084272193481985E-005       7871 #   2  2  1  3  2  2  4  2  4  5 ->   2  2  1  3  1  2  4  2  4  5
 P                   546714                   546309   3.6530541991594919E-006       7911 #   2  2  1  3  2  2  4  2  4  5 ->   2  2  1  3  2  1  4  2  4  5
 P                   546714                   545499   7.2941207370550719E-006       7914 #   2  2  1  3  2  2  4  2  4  5 ->   2  2  1  3  2  2  3  2  4  5
 V                   546714                   540639   1.4931119679728860E-006       8016 #   2  2  1  3  2  2  4  2  4  5 ->   2  2  1  3  2  2  4  1  4  5
 P                   546714                   528489   2.7595782617494830E-007       7986 #   2  2  1  3  2  2  4  2  4  5 ->   2  2  1  3  2  2  4  2  3  5
 P                   546714                   455589   3.4482423373954816E-007       7986 #   2  2  1  3  2  2  4  2  4  5 ->   2  2  1  3  2  2  4  2  4  4

 P                   546723                   546720   8.9921044766350208E-005       6892 #   2  2  2  3  2  2  4  2  4  5 ->   2  1  2  3  2  2  4  2  4  5
 P                   546723                   546714   2.5502186156763460E-005       7012 #   2  2  2  3  2  2  4  2  4  5 ->   2  2  1  3  2  2  4  2  4  5
 P                   546723                   546696   3.7813886806391530E-005       7033 #   2  2  2  3  2  2  4  2  4  5 ->   2  2  2  2  2  2  4  2  4  5
 P                   546723                   546588   1.3300829497737897E-005       7897 #   2  2  2  3  2  2  4  2  4  5 ->   2  2  2  3  1  2  4  2  4  5
 P                   546723                   546318   3.3655128789263204E-006       7938 #   2  2  2  3  2  2  4  2  4  5 ->   2  2  2  3  2  1  4  2  4  5
 P                   546723                   545508   6.7208284455700208E-006       7940 #   2  2  2  3  2  2  4  2  4  5 ->   2  2  2  3  2  2  3  2  4  5
 V                   546723                   540648   1.1021504411626165E-006       8029 #   2  2  2  3  2  2  4  2  4  5 ->   2  2  2  3  2  2  4  1  4  5
 P                   546723                   528498   2.1176427600169461E-007       8011 #   2  2  2  3  2  2  4  2  4  5 ->   2  2  2  3  2  2  4  2  3  5
 P                   546723                   455598   2.6462975245140954E-007       8011 #   2  2  2  3  2  2  4  2  4  5 ->   2  2  2  3  2  2  4  2  4  4

 P                   546749                   546746   9.3287681424958550E-005       6866 #   1  2  2  4  2  2  4  2  4  5 ->   1  1  2  4  2  2  4  2  4  5
 P                   546749                   546740   2.8178289200759325E-005       6975 #   1  2  2  4  2  2  4  2  4  5 ->   1  2  1  4  2  2  4  2  4  5
 P                   546749                   546722   5.5659222644995238E-005       6998 #   1  2  2  4  2  2  4  2  4  5 ->   1  2  2  3  2  2  4  2  4  5
 P                   546749                   546614   1.3615371265456181E-005       7894 #   1  2  2  4  2  2  4  2  4  5 ->   1  2  2  4  1  2  4  2  4  5
 P                   546749                   546344   3.6186951939975859E-006       7935 #   1  2  2  4  2  2  4  2  4  5 ->   1  2  2  4  2  1  4  2  4  5
 P                   546749                   545534   7.2258322775772331E-006       7938 #   1  2  2  4  2  2  4  2  4  5 ->   1  2  2  4  2  2  3  2  4  5
 V                   546749                   540674   1.1279657268134955E-006       8029 #   1  2  2  4  2  2  4  2  4  5 ->   1  2  2  4  2  2  4  1  4  5
 P                   546749                   528524   2.2978357903273380E-007       8012 #   1  2  2  4  2  2  4  2  4  5 ->   1  2  2  4  2  2  4  2  3  5
 P                   546749                   455624   2.8714574860216372E-007       8012 #   1  2  2  4  2  2  4  2  4  5 ->   1  2  2  4  2  2  4  2  4  4

 P                   546741                   546738   8.9921044766350208E-005       6892 #   2  2  1  4  2  2  4  2  4  5 ->   2  1  1  4  2  2  4  2  4  5
 P                   546741                   546732   1.2751093078381730E-005       7012 #   2  2  1  4  2  2  4  2  4  5 ->   2  2  0  4  2  2  4  2  4  5
 P                   546741                   546714   5.0418515741855368E-005       7033 #   2  2  1  4  2  2  4  2  4  5 ->   2  2  1  3  2  2  4  2  4  5
 P                   546741                   546606   1.3300829497737897E-005       7897 #   2  2  1  4  2  2  4  2  4  5 ->   2  2  1  4  1  2  4  2  4  5
 P                   546741                   546336   3.3655128789263204E-006       7938 #   2  2  1  4  2  2  4  2  4  5 ->   2  2  1  4  2  1  4  2  4  5
 P                   546741                   545526   6.7208284455700208E-006       7940 #   2  2  1  4  2  2  4  2  4  5 ->   2  2  1  4  2  2  3  2  4  5
 V                   546741                   540666   1.1021504411626165E-006       8029 #   2  2  1  4  2  2  4  2  4  5 ->   2  2  1  4  2  2  4  1  4  5
 P                   546741                   528516   2.1176427600169461E-007       8011 #   2  2  1  4  2  2  4  2  4  5 ->   2  2  1  4  2  2  4  2  3  5
 P                   546741                   455616   2.6462975245140954E-007       8011 #   2  2  1  4  2  2  4  2  4  5 ->   2  2  1  4  2  2  4  2  4  4

 F                   546749                   546741   8.1129468052338390E-003       8221 #   1  2  2  4  2  2  4  2  4  5 ->   2  2  1  4  2  2  4  2  4  5
 F                   546749                   546723   1.6362136808577565E-002       8244 #   1  2  2  4  2  2  4  2  4  5 ->   2  2  2  3  2  2  4  2  4  5
 F                   546749                   546345   1.0196566849910091E-003       9181 #   1  2  2  4  2  2  4  2  4  5 ->   2  2  2  4  2  1  4  2  4  5
 F                   546749                   545535   2.0413255987214796E-003       9184 #   1  2  2  4  2  2  4  2  4  5 ->   2  2  2  4  2  2  3  2  4  5
 A                   546749                   546744   1.6816195458554915E-003       6930 #   1  2  2  4  2  2  4  2  4  5 ->   2  0  2  4  2  2  4  2  4  5
 A                   546749                   546738   1.9406536639223813E-003       7039 #   1  2  2  4  2  2  4  2  4  5 ->   2  1  1  4  2  2  4  2  4  5
 A                   546749                   546720   3.8739204760110642E-003       7062 #   1  2  2  4  2  2  4  2  4  5 ->   2  1  2  3  2  2  4  2  4  5
 A                   546749                   546612   4.5227172284692475E-004       7958 #   1  2  2  4  2  2  4  2  4  5 ->   2  1  2  4  1  2  4  2  4  5
 A                   546749                   546342   2.5163652971257216E-004       7998 #   1  2  2  4  2  2  4  2  4  5 ->   2  1  2  4  2  1  4  2  4  5
 A                   546749                   545532   5.0315260138449535E-004       8001 #   1  2  2  4  2  2  4  2  4  5 ->   2  1  2  4  2  2  3  2  4  5
 A                   546749                   540672   3.7127947565920638E-005       8093 #   1  2  2  4  2  2  4  2  4  5 ->   2  1  2  4  2  2  4  1  4  5
 A                   546749                   528522   1.6211941304503864E-005       8075 #   1  2  2  4  2  2  4  2  4  5 ->   2  1  2  4  2  2  4  2  3  5
 A                   546749                   455622   2.0263362035463602E-005       8076 #   1  2  2  4  2  2  4  2  4  5 ->   2  1  2  4  2  2  4  2  4  4
 A                   546749                   546732   3.8143282322722935E-004       7148 #   1  2  2  4  2  2  4  2  4  5 ->   2  2  0  4  2  2  4  2  4  5
 A                   546749                   546714   9.4817029033185604E-003       7171 #   1  2  2  4  2  2  4  2  4  5 ->   2  2  1  3  2  2  4  2  4  5
 A                   546749                   546606   2.2525122654207524E-004       8067 #   1  2  2  4  2  2  4  2  4  5 ->   2  2  1  4  1  2  4  2  4  5
 A                   546749                   546336   9.4177652999068178E-005       8108 #   1  2  2  4  2  2  4  2  4  5 ->   2  2  1  4  2  1  4  2  4  5
 A                   546749                   545526   1.0656831841012119E-003       8111 #   1  2  2  4  2  2  4  2  4  5 ->   2  2  1  4  2  2  3  2  4  5
 A                   546749                   540666   1.8155804454907878E-005       8202 #   1  2  2  4  2  2  4  2  4  5 ->   2  2  1  4  2  2  4  1  4  5
 A                   546749                   528516   2.3401053992432438E-005       8185 #   1  2  2  4  2  2  4  2  4  5 ->   2  2  1  4  2  2  4  2  3  5
 A                   546749                   455616   7.5851922984250623E-005       8185 #   1  2  2  4  2  2  4  2  4  5 ->   2  2  1  4  2  2  4  2  4  4
 A                   546749                   546696   5.4783964980034934E-003       7194 #   1  2  2  4  2  2  4  2  4  5 ->   2  2  2  2  2  2  4  2  4  5
 A                   546749                   546588   4.4987762346007047E-004       8090 #   1  2  2  4  2  2  4  2  4  5 ->   2  2  2  3  1  2  4  2  4  5
 A                   546749                   546318   1.0625239567543061E-003       8131 #   1  2  2  4  2  2  4  2  4  5 ->   2  2  2  3  2  1  4  2  4  5
 A                   546749                   545508   1.2495079443449646E-003       8134 #   1  2  2  4  2  2  4  2  4  5 ->   2  2  2  3  2  2  3  2  4  5
 A                   546749                   540648   3.6263645733201185E-005       8225 #   1  2  2  4  2  2  4  2  4  5 ->   2  2  2  3  2  2  4  1  4  5
 A                   546749                   528498   1.1329096966135907E-004       8208 #   1  2  2  4  2  2  4  2  4  5 ->   2  2  2  3  2  2  4  2  3  5
 A                   546749                   455598   9.5189441432564316E-005       8208 #   1  2  2  4  2  2  4  2  4  5 ->   2  2  2  3  2  2  4  2  4  4
 A                   546749                   546480   3.0037986349462705E-005       8987 #   1  2  2  4  2  2  4  2  4  5 ->   2  2  2  4  0  2  4  2  4  5
 A                   546749                   546210   2.9305153965658028E-005       9027 #   1  2  2  4  2  2  4  2  4  5 ->   2  2  2  4  1  1  4  2  4  5
 A                   546749                   545400   5.8599577254508827E-005       9030 #   1  2  2  4  2  2  4  2  4  5 ->   2  2  2  4  1  2  3  2  4  5
 A                   546749                   540540   4.9245401550159828E-006       9121 #   1  2  2  4  2  2  4  2  4  5 ->   2  2  2  4  1  2  4  1  4  5
 A                   546749                   528390   1.7139901843804379E-006       9104 #   1  2  2  4  2  2  4  2  4  5 ->   2  2  2  4  1  2  4  2  3  5
 A                   546749                   455490   2.1423264409017631E-006       9104 #   1  2  2  4  2  2  4  2  4  5 ->   2  2  2  4  1  2  4  2  4  4
 A                   546749                   545940   5.5328598259390244E-006       9067 #   1  2  2  4  2  2  4  2  4  5 ->   2  2  2  4  2  0  4  2  4  5
 A                   546749                   545130   1.2023475498495635E-004       9070 #   1  2  2  4  2  2  4  2  4  5 ->   2  2  2  4  2  1  3  2  4  5
 A                   546749                   540270   2.3627696351871842E-006       9161 #   1  2  2  4  2  2  4  2  4  5 ->   2  2  2  4  2  1  4  1  4  5
 A                   546749                   528120   2.0219564167484944E-006       9144 #   1  2  2  4  2  2  4  2  4  5 ->   2  2  2  4  2  1  4  2  3  5
 A                   546749                   455220   6.9747252705626161E-006       9145 #   1  2  2  4  2  2  4  2  4  5 ->   2  2  2  4  2  1  4  2  4  4
 A                   546749                   544320   7.1147793358077558E-005       9073 #   1  2  2  4  2  2  4  2  4  5 ->   2  2  2  4  2  2  2  2  4  5
 A                   546749                   539460   4.7247062962687930E-006       9164 #   1  2  2  4  2  2  4  2  4  5 ->   2  2  2  4  2  2  3  1  4  5
 A                   546749                   527310   1.0442369155039295E-005       9147 #   1  2  2  4  2  2  4  2  4  5 ->   2  2  2  4  2  2  3  2  3  5
 A                   546749                   454410   8.6060826384882649E-006       9148 #   1  2  2  4  2  2  4  2  4  5 ->   2  2  2  4  2  2  3  2  4  4
 A                   546749                   534600   2.0180059253954667E-007       9256 #   1  2  2  4  2  2  4  2  4  5 ->   2  2  2  4  2  2  4  0  4  5
 A                   546749                   522450   1.3666566560005642E-007       9238 #   1  2  2  4  2  2  4  2  4  5 ->   2  2  2  4  2  2  4  1  3  5
 A                   546749                   449550   1.7081923938442094E-007       9239 #   1  2  2  4  2  2  4  2  4  5 ->   2  2  2  4  2  2  4  1  4  4
 A                   546749                   510300   2.9101200929955978E-009       9221 #   1  2  2  4  2  2  4  2  4  5 ->   2  2  2  4  2  2  4  2  2  5
 A                   546749                   437400   6.2270865145479774E-007       9222 #   1  2  2  4  2  2  4  2  4  5 ->   2  2  2  4  2  2  4  2  3  4
 A                   546749                   364500   1.2743948710412783E-007       9222 #   1  2  2  4  2  2  4  2  4  5 ->   2  2  2  4  2  2  4  2  4  3

 F                   546720                   546714   5.5768607808268045E-007        114 #   2  1  2  3  2  2  4  2  4  5 ->   2  2  1  3  2  2  4  2  4  5
 F                   546720                   546696   1.4117090046379226E-006        136 #   2  1  2  3  2  2  4  2  4  5 ->   2  2  2  2  2  2  4  2  4  5
 F                   546720                   546318   7.7574101409841597E-005       1075 #   2  1  2  3  2  2  4  2  4  5 ->   2  2  2  3  2  1  4  2  4  5
 F                   546720                   545508   1.5648793147150512E-004       1078 #   2  1  2  3  2  2  4  2  4  5 ->   2  2  2  3  2  2  3  2  4  5
 F                   546720                   546612   1.2185897471221147E-005        898 #   2  1  2  3  2  2  4  2  4  5 ->   2  1  2  4  1  2  4  2  4  5
 F                   546720                   540672   1.3229941617292337E-006       1044 #   2  1  2  3  2  2  4  2  4  5 ->   2  1  2  4  2  2  4  1  4  5
 F                   546720                   528522   3.2934027480538570E-005       1013 #   2  1  2  3  2  2  4  2  4  5 ->   2  1  2  4  2  2  4  2  3  5
 F                   546720                   455622   2.4739378051183593E-004       1014 #   2  1  2  3  2  2  4  2  4  5 ->   2  1  2  4  2  2  4  2  4  4
 A                   546720                   540639   2.4965293459905486E-003         83 #   2  1  2  3  2  2  4  2  4  5 ->   2  2  1  3  2  2  4  1  4  5
 A                   546720                   528489   1.8153290390415432E-002         52 #   2  1  2  3  2  2  4  2  4  5 ->   2  2  1  3  2  2  4  2  3  5
 A                   546720                   455589   2.4170338212345661E-002         53 #   2  1  2  3  2  2  4  2  4  5 ->   2  2  1  3  2  2  4  2  4  4
 A                   546720                   545481   4.1833116431615212E-002          3 #   2  1  2  3  2  2  4  2  4  5 ->   2  2  2  2  2  2  3  2  4  5
 A                   546720                   540621   3.3175342601072942E-003        104 #   2  1  2  3  2  2  4  2  4  5 ->   2  2  2  2  2  2  4  1  4  5
 A                   546720                   528471   3.5263049535531998E-002         74 #   2  1  2  3  2  2  4  2  4  5 ->   2  2  2  2  2  2  4  2  3  5
 A                   546720                   455571   4.2506912453405890E-002         74 #   2  1  2  3  2  2  4  2  4  5 ->   2  2  2  2  2  2  4  2  4  4
 A                   546720                   546453   9.7288115876937524E-004        858 #   2  1  2  3  2  2  4  2  4  5 ->   2  2  2  3  0  2  4  2  4  5
 A                   546720                   546183   1.8097835158766644E-003        898 #   2  1  2  3  2  2  4  2  4  5 ->   2  2  2  3  1  1  4  2  4  5
 A                   546720                   545373   3.6103800836568790E-003        901 #   2  1  2  3  2  2  4  2  4  5 ->   2  2  2  3  1  2  3  2  4  5
 A                   546720                   540513   1.8109814560028737E-004       1003 #   2  1  2  3  2  2  4  2  4  5 ->   2  2  2  3  1  2  4  1  4  5
 A                   546720                   528363   2.4728525011735916E-003        972 #   2  1  2  3  2  2  4  2  4  5 ->   2  2  2  3  1  2  4  2  3  5
 A                   546720                   455463   3.0893544479561829E-003        973 #   2  1  2  3  2  2  4  2  4  5 ->   2  2  2  3  1  2  4  2  4  4
 A                   546720                   545913   2.4298023343610377E-005        939 #   2  1  2  3  2  2  4  2  4  5 ->   2  2  2  3  2  0  4  2  4  5
 A                   546720                   545103   9.8968988184004695E-005        942 #   2  1  2  3  2  2  4  2  4  5 ->   2  2  2  3  2  1  3  2  4  5
 A                   546720                   540243   1.4579034846747785E-004       1043 #   2  1  2  3  2  2  4  2  4  5 ->   2  2  2  3  2  1  4  1  4  5
 A                   546720                   528093   2.9986868447670070E-005       1013 #   2  1  2  3  2  2  4  2  4  5 ->   2  2  2  3  2  1  4  2  3  5
 A                   546720                   455193   5.8649714442885359E-004       1013 #   2  1  2  3  2  2  4  2  4  5 ->   2  2  2  3  2  1  4  2  4  4
 A                   546720                   544293   9.8483299171250841E-005        945 #   2  1  2  3  2  2  4  2  4  5 ->   2  2  2  3  2  2  2  2  4  5
 A                   546720                   539433   2.9090792644978790E-004       1047 #   2  1  2  3  2  2  4  2  4  5 ->   2  2  2  3  2  2  3  1  4  5
 A                   546720                   527283   8.4223108558657107E-004       1016 #   2  1  2  3  2  2  4  2  4  5 ->   2  2  2  3  2  2  3  2  3  5
 A                   546720                   454383   5.0780817275770040E-004       1016 #   2  1  2  3  2  2  4  2  4  5 ->   2  2  2  3  2  2  3  2  4  4
 A                   546720                   534573   8.2145343726755135E-006       1148 #   2  1  2  3  2  2  4  2  4  5 ->   2  2  2  3  2  2  4  0  4  5
 A                   546720                   522423   1.9385277590000034E-004       1118 #   2  1  2  3  2  2  4  2  4  5 ->   2  2  2  3  2  2  4  1  3  5
 A                   546720                   449523   2.4220758605514255E-004       1118 #   2  1  2  3  2  2  4  2  4  5 ->   2  2  2  3  2  2  4  1  4  4
 A                   546720                   510273   9.1530629558957957E-005       1087 #   2  1  2  3  2  2  4  2  4  5 ->   2  2  2  3  2  2  4  2  2  5
 A                   546720                   437373   3.8909414111898280E-003       1088 #   2  1  2  3  2  2  4  2  4  5 ->   2  2  2  3  2  2  4  2  3  4
 A                   546720                   364473   8.6934388703791628E-004       1088 #   2  1  2  3  2  2  4  2  4  5 ->   2  2  2  3  2  2  4  2  4  3
 A                   546720                   546477   8.5573431960453614E-005        722 #   2  1  2  3  2  2  4  2  4  5 ->   2  1  2  4  0  2  4  2  4  5
 A                   546720                   546207   7.0047497769654016E-005        762 #   2  1  2  3  2  2  4  2  4  5 ->   2  1  2  4  1  1  4  2  4  5
 A                   546720                   545397   1.6160176290942972E-003        765 #   2  1  2  3  2  2  4  2  4  5 ->   2  1  2  4  1  2  3  2  4  5
 A                   546720                   540537   1.5323866308500995E-005        867 #   2  1  2  3  2  2  4  2  4  5 ->   2  1  2  4  1  2  4  1  4  5
 A                   546720                   528387   1.3850772873400360E-004        836 #   2  1  2  3  2  2  4  2  4  5 ->   2  1  2  4  1  2  4  2  3  5
 A                   546720                   455487   1.1656284203488131E-004        837 #   2  1  2  3  2  2  4  2  4  5 ->   2  1  2  4  1  2  4  2  4  4
 A                   546720                   545937   2.7099194371774450E-005        803 #   2  1  2  3  2  2  4  2  4  5 ->   2  1  2  4  2  0  4  2  4  5
 A                   546720                   545127   2.5403616018596122E-003        806 #   2  1  2  3  2  2  4  2  4  5 ->   2  1  2  4  2  1  3  2  4  5
 A                   546720                   540267   6.5986118015053786E-006        907 #   2  1  2  3  2  2  4  2  4  5 ->   2  1  2  4  2  1  4  1  4  5
 A                   546720                   528117   1.6506759337723854E-004        877 #   2  1  2  3  2  2  4  2  4  5 ->   2  1  2  4  2  1  4  2  3  5
 A                   546720                   455217   1.2585475306855075E-003        877 #   2  1  2  3  2  2  4  2  4  5 ->   2  1  2  4  2  1  4  2  4  4
 A                   546720                   544317   3.8494635527477651E-003        809 #   2  1  2  3  2  2  4  2  4  5 ->   2  1  2  4  2  2  2  2  4  5
 A                   546720                   539457   1.7026744765444134E-004        910 #   2  1  2  3  2  2  4  2  4  5 ->   2  1  2  4  2  2  3  1  4  5
 A                   546720                   527307   3.1759496055803727E-003        880 #   2  1  2  3  2  2  4  2  4  5 ->   2  1  2  4  2  2  3  2  3  5
 A                   546720                   454407   4.1802848462011103E-003        880 #   2  1  2  3  2  2  4  2  4  5 ->   2  1  2  4  2  2  3  2  4  4
 A                   546720                   534597   6.8272927780128115E-007       1012 #   2  1  2  3  2  2  4  2  4  5 ->   2  1  2  4  2  2  4  0  4  5
 A                   546720                   522447   1.3521040599333858E-005        982 #   2  1  2  3  2  2  4  2  4  5 ->   2  1  2  4  2  2  4  1  3  5
 A                   546720                   449547   1.1735186834296691E-005        982 #   2  1  2  3  2  2  4  2  4  5 ->   2  1  2  4  2  2  4  1  4  4
 A                   546720                   510297   3.8059877177844481E-004        951 #   2  1  2  3  2  2  4  2  4  5 ->   2  1  2  4  2  2  4  2  2  5
 A                   546720                   437397   6.3826566562354536E-003        952 #   2  1  2  3  2  2  4  2  4  5 ->   2  1  2  4  2  2  4  2  3  4
 A                   546720                   364497   3.5092268308608253E-003        952 #   2  1  2  3  2  2  4  2  4  5 ->   2  1  2  4  2  2  4  2  4  3

 F                   546746                   546738   8.2830521285638635E-003       8245 #   1  1  2  4  2  2  4  2  4  5 ->   2  1  1  4  2  2  4  2  4  5
 F                   546746                   546720   1.6707900921402768E-002       8268 #   1  1  2  4  2  2  4  2  4  5 ->   2  1  2  3  2  2  4  2  4  5
 F                   546746                   546342   1.0939057538655354E-003       9240 #   1  1  2  4  2  2  4  2  4  5 ->   2  1  2  4  2  1  4  2  4  5
 F                   546746                   545532   2.1901222473733597E-003       9244 #   1  1  2  4  2  2  4  2  4  5 ->   2  1  2  4  2  2  3  2  4  5
 F                   546746                   546740   4.0249879324760809E-007        104 #   1  1  2  4  2  2  4  2  4  5 ->   1  2  1  4  2  2  4  2  4  5
 F                   546746                   546722   1.4835435912462555E-006        127 #   1  1  2  4  2  2  4  2  4  5 ->   1  2  2  3  2  2  4  2  4  5
 F                   546746                   546344   8.3490654540511908E-005       1099 #   1  1  2  4  2  2  4  2  4  5 ->   1  2  2  4  2  1  4  2  4  5
 F                   546746                   545534   1.6846774648428115E-004       1102 #   1  1  2  4  2  2  4  2  4  5 ->   1  2  2  4  2  2  3  2  4  5
 A                   546746                   546735   1.0000574026671170E-003       7006 #   1  1  2  4  2  2  4  2  4  5 ->   2  0  1  4  2  2  4  2  4  5
 A                   546746                   546717   1.9962534016289965E-003       7030 #   1  1  2  4  2  2  4  2  4  5 ->   2  0  2  3  2  2  4  2  4  5
 A                   546746                   546609   2.4044189215133654E-004       7962 #   1  1  2  4  2  2  4  2  4  5 ->   2  0  2  4  1  2  4  2  4  5
 A                   546746                   546339   1.3647276660774783E-004       8002 #   1  1  2  4  2  2  4  2  4  5 ->   2  0  2  4  2  1  4  2  4  5
 A                   546746                   545529   2.7287568668862806E-004       8005 #   1  1  2  4  2  2  4  2  4  5 ->   2  0  2  4  2  2  3  2  4  5
 A                   546746                   540669   2.5168649067335222E-005       8109 #   1  1  2  4  2  2  4  2  4  5 ->   2  0  2  4  2  2  4  1  4  5
 A                   546746                   528519   1.0371385426070140E-005       8080 #   1  1  2  4  2  2  4  2  4  5 ->   2  0  2  4  2  2  4  2  3  5
 A                   546746                   455619   1.2963007173438970E-005       8080 #   1  1  2  4  2  2  4  2  4  5 ->   2  0  2  4  2  2  4  2  4  4
 A                   546746                   546729   3.9514758238160951E-004       7110 #   1  1  2  4  2  2  4  2  4  5 ->   2  1  0  4  2  2  4  2  4  5
 A                   546746                   546711   9.7949723955635011E-003       7134 #   1  1  2  4  2  2  4  2  4  5 ->   2  1  1  3  2  2  4  2  4  5
 A                   546746                   546603   2.3903321187588745E-004       8066 #   1  1  2  4  2  2  4  2  4  5 ->   2  1  1  4  1  2  4  2  4  5
 A                   546746                   546333   1.0253504698656329E-004       8106 #   1  1  2  4  2  2  4  2  4  5 ->   2  1  1  4  2  1  4  2  4  5
 A                   546746                   545523   1.1534706140621240E-003       8109 #   1  1  2  4  2  2  4  2  4  5 ->   2  1  1  4  2  2  3  2  4  5
 A                   546746                   540663   2.4526067223606797E-005       8213 #   1  1  2  4  2  2  4  2  4  5 ->   2  1  1  4  2  2  4  1  4  5
 A                   546746                   528513   2.9982492633951924E-005       8184 #   1  1  2  4  2  2  4  2  4  5 ->   2  1  1  4  2  2  4  2  3  5
 A                   546746                   455613   9.7125811871584801E-005       8184 #   1  1  2  4  2  2  4  2  4  5 ->   2  1  1  4  2  2  4  2  4  4
 A                   546746                   546693   5.6611798177427369E-003       7157 #   1  1  2  4  2  2  4  2  4  5 ->   2  1  2  2  2  2  4  2  4  5
 A                   546746                   546585   4.7740164218073629E-004       8089 #   1  1  2  4  2  2  4  2  4  5 ->   2  1  2  3  1  2  4  2  4  5
 A                   546746                   546315   1.1500365412758942E-003       8129 #   1  1  2  4  2  2  4  2  4  5 ->   2  1  2  3  2  1  4  2  4  5
 A                   546746                   545505   1.3535626081481210E-003       8132 #   1  1  2  4  2  2  4  2  4  5 ->   2  1  2  3  2  2  3  2  4  5
 A                   546746                   540645   4.8987424216191238E-005       8237 #   1  1  2  4  2  2  4  2  4  5 ->   2  1  2  3  2  2  4  1  4  5
 A                   546746                   528495   1.4506162694477090E-004       8207 #   1  1  2  4  2  2  4  2  4  5 ->   2  1  2  3  2  2  4  2  3  5
 A                   546746                   455595   1.2190268093704611E-004       8208 #   1  1  2  4  2  2  4  2  4  5 ->   2  1  2  3  2  2  4  2  4  4
 A                   546746                   546477   3.2978857925177530E-005       9021 #   1  1  2  4  2  2  4  2  4  5 ->   2  1  2  4  0  2  4  2  4  5
 A                   546746                   546207   3.2731659762323430E-005       9061 #   1  1  2  4  2  2  4  2  4  5 ->   2  1  2  4  1  1  4  2  4  5
 A                   546746                   545397   6.5450625336611152E-005       9064 #   1  1  2  4  2  2  4  2  4  5 ->   2  1  2  4  1  2  3  2  4  5
 A                   546746                   540537   6.8928622628616199E-006       9168 #   1  1  2  4  2  2  4  2  4  5 ->   2  1  2  4  1  2  4  1  4  5
 A                   546746                   528387   2.2530499438808074E-006       9139 #   1  1  2  4  2  2  4  2  4  5 ->   2  1  2  4  1  2  4  2  3  5
 A                   546746                   455487   2.8160532607632189E-006       9140 #   1  1  2  4  2  2  4  2  4  5 ->   2  1  2  4  1  2  4  2  4  4
 A                   546746                   545937   6.3114105169810444E-006       9101 #   1  1  2  4  2  2  4  2  4  5 ->   2  1  2  4  2  0  4  2  4  5
 A                   546746                   545127   1.3639439680582978E-004       9104 #   1  1  2  4  2  2  4  2  4  5 ->   2  1  2  4  2  1  3  2  4  5
 A                   546746                   540267   3.3595181151203150E-006       9209 #   1  1  2  4  2  2  4  2  4  5 ->   2  1  2  4  2  1  4  1  4  5
 A                   546746                   528117   2.6930694083885773E-006       9179 #   1  1  2  4  2  2  4  2  4  5 ->   2  1  2  4  2  1  4  2  3  5
 A                   546746                   455217   9.3050312486351507E-006       9180 #   1  1  2  4  2  2  4  2  4  5 ->   2  1  2  4  2  1  4  2  4  4
 A                   546746                   544317   8.0777296841361376E-005       9107 #   1  1  2  4  2  2  4  2  4  5 ->   2  1  2  4  2  2  2  2  4  5
 A                   546746                   539457   6.7177891939759102E-006       9212 #   1  1  2  4  2  2  4  2  4  5 ->   2  1  2  4  2  2  3  1  4  5
 A                   546746                   527307   1.3930064757273097E-005       9182 #   1  1  2  4  2  2  4  2  4  5 ->   2  1  2  4  2  2  3  2  3  5
 A                   546746                   454407   1.1474128448364645E-005       9183 #   1  1  2  4  2  2  4  2  4  5 ->   2  1  2  4  2  2  3  2  4  4
 A                   546746                   534597   3.6009020564375530E-007       9316 #   1  1  2  4  2  2  4  2  4  5 ->   2  1  2  4  2  2  4  0  4  5
 A                   546746                   522447   2.2847039669562540E-007       9287 #   1  1  2  4  2  2  4  2  4  5 ->   2  1  2  4  2  2  4  1  3  5
 A                   546746                   449547   2.8556174878207496E-007       9287 #   1  1  2  4  2  2  4  2  4  5 ->   2  1  2  4  2  2  4  1  4  4
 A                   546746                   510297   4.6201951438645916E-009       9257 #   1  1  2  4  2  2  4  2  4  5 ->   2  1  2  4  2  2  4  2  2  5
 A                   546746                   437397   9.7982343400467521E-007       9258 #   1  1  2  4  2  2  4  2  4  5 ->   2  1  2  4  2  2  4  2  3  4
 A                   546746                   364497   2.0056117702857611E-007       9258 #   1  1  2  4  2  2  4  2  4  5 ->   2  1  2  4  2  2  4  2  4  3
 A                   546746                   540665   2.6146285273928446E-003         72 #   1  1  2  4  2  2  4  2  4  5 ->   1  2  1  4  2  2  4  1  4  5
 A                   546746                   528515   1.5638424351938039E-002         42 #   1  1  2  4  2  2  4  2  4  5 ->   1  2  1  4  2  2  4  2  3  5
 A                   546746                   455615   2.0426961337653295E-002         43 #   1  1  2  4  2  2  4  2  4  5 ->   1  2  1  4  2  2  4  2  4  4
 A                   546746                   540647   4.5537067657443666E-003         95 #   1  1  2  4  2  2  4  2  4  5 ->   1  2  2  3  2  2  4  1  4  5
 A                   546746                   528497   4.1989621807438614E-002         66 #   1  1  2  4  2  2  4  2  4  5 ->   1  2  2  3  2  2  4  2  3  5
 A                   546746                   455597   5.1041929822856741E-002         66 #   1  1  2  4  2  2  4  2  4  5 ->   1  2  2  3  2  2  4  2  4  4
 A                   546746                   546479   9.5688774755600702E-004        880 #   1  1  2  4  2  2  4  2  4  5 ->   1  2  2  4  0  2  4  2  4  5
 A                   546746                   546209   1.7856793981188852E-003        920 #   1  1  2  4  2  2  4  2  4  5 ->   1  2  2  4  1  1  4  2  4  5
 A                   546746                   545399   3.5620004912304813E-003        923 #   1  1  2  4  2  2  4  2  4  5 ->   1  2  2  4  1  2  3  2  4  5
 A                   546746                   540539   1.7771195448671375E-004       1027 #   1  1  2  4  2  2  4  2  4  5 ->   1  2  2  4  1  2  4  1  4  5
 A                   546746                   528389   2.3956374208073238E-003        998 #   1  1  2  4  2  2  4  2  4  5 ->   1  2  2  4  1  2  4  2  3  5
 A                   546746                   455489   2.9928715118577869E-003        998 #   1  1  2  4  2  2  4  2  4  5 ->   1  2  2  4  1  2  4  2  4  4
 A                   546746                   545939   2.0486993462125468E-005        960 #   1  1  2  4  2  2  4  2  4  5 ->   1  2  2  4  2  0  4  2  4  5
 A                   546746                   545129   1.1165772787083331E-004        963 #   1  1  2  4  2  2  4  2  4  5 ->   1  2  2  4  2  1  3  2  4  5
 A                   546746                   540269   1.4366972134710767E-004       1067 #   1  1  2  4  2  2  4  2  4  5 ->   1  2  2  4  2  1  4  1  4  5
 A                   546746                   528119   2.8326573378935334E-005       1038 #   1  1  2  4  2  2  4  2  4  5 ->   1  2  2  4  2  1  4  2  3  5
 A                   546746                   455219   6.2122528042039262E-004       1038 #   1  1  2  4  2  2  4  2  4  5 ->   1  2  2  4  2  1  4  2  4  4
 A                   546746                   544319   9.7217666712344676E-005        966 #   1  1  2  4  2  2  4  2  4  5 ->   1  2  2  4  2  2  2  2  4  5
 A                   546746                   539459   2.8665545301120258E-004       1071 #   1  1  2  4  2  2  4  2  4  5 ->   1  2  2  4  2  2  3  1  4  5
 A                   546746                   527309   8.9141000034442266E-004       1041 #   1  1  2  4  2  2  4  2  4  5 ->   1  2  2  4  2  2  3  2  3  5
 A                   546746                   454409   5.3279834678210348E-004       1042 #   1  1  2  4  2  2  4  2  4  5 ->   1  2  2  4  2  2  3  2  4  4
 A                   546746                   534599   8.0470526699153984E-006       1175 #   1  1  2  4  2  2  4  2  4  5 ->   1  2  2  4  2  2  4  0  4  5
 A                   546746                   522449   1.8764465131593420E-004       1145 #   1  1  2  4  2  2  4  2  4  5 ->   1  2  2  4  2  2  4  1  3  5
 A                   546746                   449549   2.3444961166014700E-004       1146 #   1  1  2  4  2  2  4  2  4  5 ->   1  2  2  4  2  2  4  1  4  4
 A                   546746                   510299   8.5659511199787607E-005       1116 #   1  1  2  4  2  2  4  2  4  5 ->   1  2  2  4  2  2  4  2  2  5
 A                   546746                   437399   3.6937294321200014E-003       1116 #   1  1  2  4  2  2  4  2  4  5 ->   1  2  2  4  2  2  4  2  3  4
 A                   546746                   364499   8.2404758352958257E-004       1117 #   1  1  2  4  2  2  4  2  4  5 ->   1  2  2  4  2  2  4  2  4  3

 P                   546720                   546717   4.5863417074109723E-005       6837 #   2  1  2  3  2  2  4  2  4  5 ->   2  0  2  3  2  2  4  2  4  5
 P                   546720                   546711   2.6160150702074003E-005       6951 #   2  1  2  3  2  2  4  2  4  5 ->   2  1  1  3  2  2  4  2  4  5
 P                   546720                   546693   3.8778648735497790E-005       6973 #   2  1  2  3  2  2  4  2  4  5 ->   2  1  2  2  2  2  4  2  4  5
 P                   546720                   546585   1.4052166286518464E-005       7871 #   2  1  2  3  2  2  4  2  4  5 ->   2  1  2  3  1  2  4  2  4  5
 P                   546720                   546315   3.6360477998440449E-006       7912 #   2  1  2  3  2  2  4  2  4  5 ->   2  1  2  3  2  1  4  2  4  5
 P                   546720                   545505   7.2602111961366611E-006       7915 #   2  1  2  3  2  2  4  2  4  5 ->   2  1  2  3  2  2  3  2  4  5
 V                   546720                   540645   1.4911812057125194E-006       8016 #   2  1  2  3  2  2  4  2  4  5 ->   2  1  2  3  2  2  4  1  4  5
 P                   546720                   528495   2.7042395659754428E-007       7986 #   2  1  2  3  2  2  4  2  4  5 ->   2  1  2  3  2  2  4  2  3  5
 P                   546720                   455595   3.3791092725584711E-007       7986 #   2  1  2  3  2  2  4  2  4  5 ->   2  1  2  3  2  2  4  2  4  4

 P                   546746                   546743   4.7559348564787937E-005       6809 #   1  1  2  4  2  2  4  2  4  5 ->   1  0  2  4  2  2  4  2  4  5
 P                   546746                   546737   2.8866183970085020E-005       6913 #   1  1  2  4  2  2  4  2  4  5 ->   1  1  1  4  2  2  4  2  4  5
 P                   546746                   546719   5.7001676864837215E-005       6937 #   1  1  2  4  2  2  4  2  4  5 ->   1  1  2  3  2  2  4  2  4  5
 P                   546746                   546611   1.4369577284918584E-005       7868 #   1  1  2  4  2  2  4  2  4  5 ->   1  1  2  4  1  2  4  2  4  5
 P                   546746                   546341   3.9013902364070546E-006       7909 #   1  1  2  4  2  2  4  2  4  5 ->   1  1  2  4  2  1  4  2  4  5
 P                   546746                   545531   7.7893633972752887E-006       7912 #   1  1  2  4  2  2  4  2  4  5 ->   1  1  2  4  2  2  3  2  4  5
 V                   546746                   540671   1.5195191158997794E-006       8016 #   1  1  2  4  2  2  4  2  4  5 ->   1  1  2  4  2  2  4  1  4  5
 P                   546746                   528521   2.9438052276051553E-007       7987 #   1  1  2  4  2  2  4  2  4  5 ->   1  1  2  4  2  2  4  2  3  5
 P                   546746                   455621   3.6784285470049950E-007       7987 #   1  1  2  4  2  2  4  2  4  5 ->   1  1  2  4  2  2  4  2  4  4

 F                   546738                   546732   2.7884303904134022E-007        114 #   2  1  1  4  2  2  4  2  4  5 ->   2  2  0  4  2  2  4  2  4  5
 F                   546738                   546714   1.8822786728505633E-006        136 #   2  1  1  4  2  2  4  2  4  5 ->   2  2  1  3  2  2  4  2  4  5
 F                   546738                   546336   7.7574101409841597E-005       1075 #   2  1  1  4  2  2  4  2  4  5 ->   2  2  1  4  2  1  4  2  4  5
 F                   546738                   545526   1.5648793147150512E-004       1078 #   2  1  1  4  2  2  4  2  4  5 ->   2  2  1  4  2  2  3  2  4  5
 F                   546738                   546612   1.3093391146725786E-005        920 #   2  1  1  4  2  2  4  2  4  5 ->   2  1  2  4  1  2  4  2  4  5
 F                   546738                   540672   1.4075193868241979E-006       1066 #   2  1  1  4  2  2  4  2  4  5 ->   2  1  2  4  2  2  4  1  4  5
 F                   546738                   528522   3.5102998933583265E-004       1035 #   2  1  1  4  2  2  4  2  4  5 ->   2  1  2  4  2  2  4  2  3  5
 A                   546738                   540657   1.2482646729952743E-003         83 #   2  1  1  4  2  2  4  2  4  5 ->   2  2  0  4  2  2  4  1  4  5
 A                   546738                   528507   9.0766451952077158E-003         52 #   2  1  1  4  2  2  4  2  4  5 ->   2  2  0  4  2  2  4  2  3  5
 A                   546738                   455607   1.2085169106172831E-002         53 #   2  1  1  4  2  2  4  2  4  5 ->   2  2  0  4  2  2  4  2  4  4
 A                   546738                   545499   5.5777488575486943E-002          3 #   2  1  1  4  2  2  4  2  4  5 ->   2  2  1  3  2  2  3  2  4  5
 A                   546738                   540639   4.4233790134763926E-003        104 #   2  1  1  4  2  2  4  2  4  5 ->   2  2  1  3  2  2  4  1  4  5
 A                   546738                   528489   4.7017399380709327E-002         74 #   2  1  1  4  2  2  4  2  4  5 ->   2  2  1  3  2  2  4  2  3  5
 A                   546738                   455589   5.6675883271207858E-002         74 #   2  1  1  4  2  2  4  2  4  5 ->   2  2  1  3  2  2  4  2  4  4
 A                   546738                   546471   9.7288115876937524E-004        858 #   2  1  1  4  2  2  4  2  4  5 ->   2  2  1  4  0  2  4  2  4  5
 A                   546738                   546201   1.8097835158766644E-003        898 #   2  1  1  4  2  2  4  2  4  5 ->   2  2  1  4  1  1  4  2  4  5
 A                   546738                   545391   3.6103800836568790E-003        901 #   2  1  1  4  2  2  4  2  4  5 ->   2  2  1  4  1  2  3  2  4  5
 A                   546738                   540531   1.8109814560028737E-004       1003 #   2  1  1  4  2  2  4  2  4  5 ->   2  2  1  4  1  2  4  1  4  5
 A                   546738                   528381   2.4728525011735916E-003        972 #   2  1  1  4  2  2  4  2  4  5 ->   2  2  1  4  1  2  4  2  3  5
 A                   546738                   455481   3.0893544479561829E-003        973 #   2  1  1  4  2  2  4  2  4  5 ->   2  2  1  4  1  2  4  2  4  4
 A                   546738                   545931   2.4298023343610377E-005        939 #   2  1  1  4  2  2  4  2  4  5 ->   2  2  1  4  2  0  4  2  4  5
 A                   546738                   545121   9.8968988184004695E-005        942 #   2  1  1  4  2  2  4  2  4  5 ->   2  2  1  4  2  1  3  2  4  5
 A                   546738                   540261   1.4579034846747785E-004       1043 #   2  1  1  4  2  2  4  2  4  5 ->   2  2  1  4  2  1  4  1  4  5
 A                   546738                   528111   2.9986868447670070E-005       1013 #   2  1  1  4  2  2  4  2  4  5 ->   2  2  1  4  2  1  4  2  3  5
 A                   546738                   455211   5.8649714442885359E-004       1013 #   2  1  1  4  2  2  4  2  4  5 ->   2  2  1  4  2  1  4  2  4  4
 A                   546738                   544311   9.8483299171250841E-005        945 #   2  1  1  4  2  2  4  2  4  5 ->   2  2  1  4  2  2  2  2  4  5
 A                   546738                   539451   2.9090792644978790E-004       1047 #   2  1  1  4  2  2  4  2  4  5 ->   2  2  1  4  2  2  3  1  4  5
 A                   546738                   527301   8.4223108558657107E-004       1016 #   2  1  1  4  2  2  4  2  4  5 ->   2  2  1  4  2  2  3  2  3  5
 A                   546738                   454401   5.0780817275770040E-004       1016 #   2  1  1  4  2  2  4  2  4  5 ->   2  2  1  4  2  2  3  2  4  4
 A                   546738                   534591   8.2145343726755135E-006       1148 #   2  1  1  4  2  2  4  2  4  5 ->   2  2  1  4  2  2  4  0  4  5
 A                   546738                   522441   1.9385277590000034E-004       1118 #   2  1  1  4  2  2  4  2  4  5 ->   2  2  1  4  2  2  4  1  3  5
 A                   546738                   449541   2.4220758605514255E-004       1118 #   2  1  1  4  2  2  4  2  4  5 ->   2  2  1  4  2  2  4  1  4  4
 A                   546738                   510291   9.1530629558957957E-005       1087 #   2  1  1  4  2  2  4  2  4  5 ->   2  2  1  4  2  2  4  2  2  5
 A                   546738                   437391   3.8909414111898280E-003       1088 #   2  1  1  4  2  2  4  2  4  5 ->   2  2  1  4  2  2  4  2  3  4
 A                   546738                   364491   8.6934388703791628E-004       1088 #   2  1  1  4  2  2  4  2  4  5 ->   2  2  1  4  2  2  4  2  4  3
 A                   546738                   546477   8.5146916770362208E-005        743 #   2  1  1  4  2  2  4  2  4  5 ->   2  1  2  4  0  2  4  2  4  5
 A                   546738                   546207   1.5285696252793808E-003        784 #   2  1  1  4  2  2  4  2  4  5 ->   2  1  2  4  1  1  4  2  4  5
 A                   546738                   545397   1.4283363398335372E-004        787 #   2  1  1  4  2  2  4  2  4  5 ->   2  1  2  4  1  2  3  2  4  5
 A                   546738                   540537   1.5260333261852013E-005        889 #   2  1  1  4  2  2  4  2  4  5 ->   2  1  2  4  1  2  4  1  4  5
 A                   546738                   528387   4.8643014675913406E-005        858 #   2  1  1  4  2  2  4  2  4  5 ->   2  1  2  4  1  2  4  2  3  5
 A                   546738                   455487   1.8084690934031431E-004        859 #   2  1  1  4  2  2  4  2  4  5 ->   2  1  2  4  1  2  4  2  4  4
 A                   546738                   545937   1.3621175855270885E-003        824 #   2  1  1  4  2  2  4  2  4  5 ->   2  1  2  4  2  0  4  2  4  5
 A                   546738                   545127   4.8238861715540413E-003        828 #   2  1  1  4  2  2  4  2  4  5 ->   2  1  2  4  2  1  3  2  4  5
 A                   546738                   540267   1.6197293400921009E-004        929 #   2  1  1  4  2  2  4  2  4  5 ->   2  1  2  4  2  1  4  1  4  5
 A                   546738                   528117   2.1875751266364398E-003        899 #   2  1  1  4  2  2  4  2  4  5 ->   2  1  2  4  2  1  4  2  3  5
 A                   546738                   455217   3.5035533154161138E-003        899 #   2  1  1  4  2  2  4  2  4  5 ->   2  1  2  4  2  1  4  2  4  4
 A                   546738                   544317   1.3812721158735944E-004        831 #   2  1  1  4  2  2  4  2  4  5 ->   2  1  2  4  2  2  2  2  4  5
 A                   546738                   539457   1.3475187762163638E-005        932 #   2  1  1  4  2  2  4  2  4  5 ->   2  1  2  4  2  2  3  1  4  5
 A                   546738                   527307   2.9506098750671696E-003        902 #   2  1  1  4  2  2  4  2  4  5 ->   2  1  2  4  2  2  3  2  3  5
 A                   546738                   454407   3.4854885256119196E-004        902 #   2  1  1  4  2  2  4  2  4  5 ->   2  1  2  4  2  2  3  2  4  4
 A                   546738                   534597   6.7956798900787291E-007       1034 #   2  1  1  4  2  2  4  2  4  5 ->   2  1  2  4  2  2  4  0  4  5
 A                   546738                   522447   5.1834812901747913E-006       1003 #   2  1  1  4  2  2  4  2  4  5 ->   2  1  2  4  2  2  4  1  3  5
 A                   546738                   449547   1.7522387530441882E-005       1004 #   2  1  1  4  2  2  4  2  4  5 ->   2  1  2  4  2  2  4  1  4  4
 A                   546738                   510297   2.2176445190668281E-003        973 #   2  1  1  4  2  2  4  2  4  5 ->   2  1  2  4  2  2  4  2  2  5
 A                   546738                   437397   8.4758521215733788E-003        973 #   2  1  1  4  2  2  4  2  4  5 ->   2  1  2  4  2  2  4  2  3  4
 A                   546738                   364497   3.2747756115689684E-004        974 #   2  1  1  4  2  2  4  2  4  5 ->   2  1  2  4  2  2  4  2  4  3

 P                   546738                   546735   4.5863417074109723E-005       6837 #   2  1  1  4  2  2  4  2  4  5 ->   2  0  1  4  2  2  4  2  4  5
 P                   546738                   546729   1.3080075351037001E-005       6951 #   2  1  1  4  2  2  4  2  4  5 ->   2  1  0  4  2  2  4  2  4  5
 P                   546738                   546711   5.1704864980663720E-005       6973 #   2  1  1  4  2  2  4  2  4  5 ->   2  1  1  3  2  2  4  2  4  5
 P                   546738                   546603   1.4052166286518464E-005       7871 #   2  1  1  4  2  2  4  2  4  5 ->   2  1  1  4  1  2  4  2  4  5
 P                   546738                   546333   3.6360477998440449E-006       7912 #   2  1  1  4  2  2  4  2  4  5 ->   2  1  1  4  2  1  4  2  4  5
 P                   546738                   545523   7.2602111961366611E-006       7915 #   2  1  1  4  2  2  4  2  4  5 ->   2  1  1  4  2  2  3  2  4  5
 V                   546738                   540663   1.4911812057125194E-006       8016 #   2  1  1  4  2  2  4  2  4  5 ->   2  1  1  4  2  2  4  1  4  5
 P                   546738                   528513   2.7042395659754428E-007       7986 #   2  1  1  4  2  2  4  2  4  5 ->   2  1  1  4  2  2  4  2  3  5
 P                   546738                   455613   3.3791092725584711E-007       7986 #   2  1  1  4  2  2  4  2  4  5 ->   2  1  1  4  2  2  4  2  4  4

 F                   546696                   546588   2.4393395211884074E-005        906 #   2  2  2  2  2  2  4  2  4  5 ->   2  2  2  3  1  2  4  2  4  5
 F                   546696                   540648   2.6470245007243578E-006       1051 #   2  2  2  2  2  2  4  2  4  5 ->   2  2  2  3  2  2  4  1  4  5
 F                   546696                   528498   6.6682913356442679E-005       1021 #   2  2  2  2  2  2  4  2  4  5 ->   2  2  2  3  2  2  4  2  3  5
 F                   546696                   455598   5.0091275942076147E-004       1021 #   2  2  2  2  2  2  4  2  4  5 ->   2  2  2  3  2  2  4  2  4  4
 A                   546696                   546453   1.6906742871262555E-004        728 #   2  2  2  2  2  2  4  2  4  5 ->   2  2  2  3  0  2  4  2  4  5
 A                   546696                   546183   1.3962677391373367E-004        769 #   2  2  2  2  2  2  4  2  4  5 ->   2  2  2  3  1  1  4  2  4  5
 A                   546696                   545373   3.1985504303832330E-003        772 #   2  2  2  2  2  2  4  2  4  5 ->   2  2  2  3  1  2  3  2  4  5
 A                   546696                   540513   3.0264636022118700E-005        874 #   2  2  2  2  2  2  4  2  4  5 ->   2  2  2  3  1  2  4  1  4  5
 A                   546696                   528363   2.7707678746577560E-004        843 #   2  2  2  2  2  2  4  2  4  5 ->   2  2  2  3  1  2  4  2  3  5
 A                   546696                   455463   2.2999385532509605E-004        844 #   2  2  2  2  2  2  4  2  4  5 ->   2  2  2  3  1  2  4  2  4  4
 A                   546696                   545913   5.3764604609801646E-005        809 #   2  2  2  2  2  2  4  2  4  5 ->   2  2  2  3  2  0  4  2  4  5
 A                   546696                   545103   5.0313433041676717E-003        812 #   2  2  2  2  2  2  4  2  4  5 ->   2  2  2  3  2  1  3  2  4  5
 A                   546696                   540243   1.3160406518930459E-005        914 #   2  2  2  2  2  2  4  2  4  5 ->   2  2  2  3  2  1  4  1  4  5
 A                   546696                   528093   3.3027782578540080E-004        884 #   2  2  2  2  2  2  4  2  4  5 ->   2  2  2  3  2  1  4  2  3  5
 A                   546696                   455193   2.5120190916267764E-003        884 #   2  2  2  2  2  2  4  2  4  5 ->   2  2  2  3  2  1  4  2  4  4
 A                   546696                   544293   7.6242552967528939E-003        816 #   2  2  2  2  2  2  4  2  4  5 ->   2  2  2  3  2  2  2  2  4  5
 A                   546696                   539433   3.3676345859330234E-004        918 #   2  2  2  2  2  2  4  2  4  5 ->   2  2  2  3  2  2  3  1  4  5
 A                   546696                   527283   6.3116022374376420E-003        887 #   2  2  2  2  2  2  4  2  4  5 ->   2  2  2  3  2  2  3  2  3  5
 A                   546696                   454383   8.3212133266066073E-003        888 #   2  2  2  2  2  2  4  2  4  5 ->   2  2  2  3  2  2  3  2  4  4
 A                   546696                   534573   1.3474814191296262E-006       1020 #   2  2  2  2  2  2  4  2  4  5 ->   2  2  2  3  2  2  4  0  4  5
 A                   546696                   522423   2.6979618860234356E-005        989 #   2  2  2  2  2  2  4  2  4  5 ->   2  2  2  3  2  2  4  1  3  5
 A                   546696                   449523   2.3096690180726153E-005        990 #   2  2  2  2  2  2  4  2  4  5 ->   2  2  2  3  2  2  4  1  4  4
 A                   546696                   510273   7.5776284315123648E-004        958 #   2  2  2  2  2  2  4  2  4  5 ->   2  2  2  3  2  2  4  2  2  5
 A                   546696                   437373   1.2706087393698983E-002        959 #   2  2  2  2  2  2  4  2  4  5 ->   2  2  2  3  2  2  4  2  3  4
 A                   546696                   364473   6.9863456885997906E-003        960 #   2  2  2  2  2  2  4  2  4  5 ->   2  2  2  3  2  2  4  2  4  3

 F                   546722                   546714   8.3471461009270130E-003       8255 #   1  2  2  3  2  2  4  2  4  5 ->   2  2  1  3  2  2  4  2  4  5
 F                   546722                   546696   1.2628645999849536E-002       8279 #   1  2  2  3  2  2  4  2  4  5 ->   2  2  2  2  2  2  4  2  4  5
 F                   546722                   546318   1.0966673497173100E-003       9258 #   1  2  2  3  2  2  4  2  4  5 ->   2  2  2  3  2  1  4  2  4  5
 F                   546722                   545508   2.1956553136015548E-003       9262 #   1  2  2  3  2  2  4  2  4  5 ->   2  2  2  3  2  2  3  2  4  5
 F                   546722                   546614   1.2201878745023662E-005        939 #   1  2  2  3  2  2  4  2  4  5 ->   1  2  2  4  1  2  4  2  4  5
 F                   546722                   540674   1.3222635920948487E-006       1087 #   1  2  2  3  2  2  4  2  4  5 ->   1  2  2  4  2  2  4  1  4  5
 F                   546722                   528524   3.4343901995413405E-005       1058 #   1  2  2  3  2  2  4  2  4  5 ->   1  2  2  4  2  2  4  2  3  5
 F                   546722                   455624   2.5798357847612880E-004       1058 #   1  2  2  3  2  2  4  2  4  5 ->   1  2  2  4  2  2  4  2  4  4
 A                   546722                   546717   1.7455306086603028E-003       6909 #   1  2  2  3  2  2  4  2  4  5 ->   2  0  2  3  2  2  4  2  4  5
 A                   546722                   546711   2.0203058544045129E-003       7011 #   1  2  2  3  2  2  4  2  4  5 ->   2  1  1  3  2  2  4  2  4  5
 A                   546722                   546693   3.0245802896277929E-003       7035 #   1  2  2  3  2  2  4  2  4  5 ->   2  1  2  2  2  2  4  2  4  5
 A                   546722                   546585   4.8299793879443182E-004       7974 #   1  2  2  3  2  2  4  2  4  5 ->   2  1  2  3  1  2  4  2  4  5
 A                   546722                   546315   2.7436113202254522E-004       8014 #   1  2  2  3  2  2  4  2  4  5 ->   2  1  2  3  2  1  4  2  4  5
 A                   546722                   545505   5.4858166946360881E-004       8017 #   1  2  2  3  2  2  4  2  4  5 ->   2  1  2  3  2  2  3  2  4  5
 A                   546722                   540645   5.0508950822050100E-005       8122 #   1  2  2  3  2  2  4  2  4  5 ->   2  1  2  3  2  2  4  1  4  5
 A                   546722                   528495   2.1102447470868405E-005       8092 #   1  2  2  3  2  2  4  2  4  5 ->   2  1  2  3  2  2  4  2  3  5
 A                   546722                   455595   2.6375541737976612E-005       8093 #   1  2  2  3  2  2  4  2  4  5 ->   2  1  2  3  2  2  4  2  4  4
 A                   546722                   546705   4.0007676946461813E-004       7113 #   1  2  2  3  2  2  4  2  4  5 ->   2  2  0  3  2  2  4  2  4  5
 A                   546722                   546687   7.4297587493011097E-003       7136 #   1  2  2  3  2  2  4  2  4  5 ->   2  2  1  2  2  2  4  2  4  5
 A                   546722                   546579   2.4032547250365862E-004       8076 #   1  2  2  3  2  2  4  2  4  5 ->   2  2  1  3  1  2  4  2  4  5
 A                   546722                   546309   1.0327659594610428E-004       8116 #   1  2  2  3  2  2  4  2  4  5 ->   2  2  1  3  2  1  4  2  4  5
 A                   546722                   545499   1.1600088662801959E-003       8119 #   1  2  2  3  2  2  4  2  4  5 ->   2  2  1  3  2  2  3  2  4  5
 A                   546722                   540639   2.4634884753043352E-005       8223 #   1  2  2  3  2  2  4  2  4  5 ->   2  2  1  3  2  2  4  1  4  5
 A                   546722                   528489   3.0546705711888587E-005       8194 #   1  2  2  3  2  2  4  2  4  5 ->   2  2  1  3  2  2  4  2  3  5
 A                   546722                   455589   9.8948777388807653E-005       8195 #   1  2  2  3  2  2  4  2  4  5 ->   2  2  1  3  2  2  4  2  4  4
 A                   546722                   546669   2.8631259473730856E-003       7160 #   1  2  2  3  2  2  4  2  4  5 ->   2  2  2  1  2  2  4  2  4  5
 A                   546722                   546561   3.5998557266380321E-004       8099 #   1  2  2  3  2  2  4  2  4  5 ->   2  2  2  2  1  2  4  2  4  5
 A                   546722                   546291   8.6740106224562224E-004       8139 #   1  2  2  3  2  2  4  2  4  5 ->   2  2  2  2  2  1  4  2  4  5
 A                   546722                   545481   1.0211465362029439E-003       8142 #   1  2  2  3  2  2  4  2  4  5 ->   2  2  2  2  2  2  3  2  4  5
 A                   546722                   540621   3.6903398770222764E-005       8247 #   1  2  2  3  2  2  4  2  4  5 ->   2  2  2  2  2  2  4  1  4  5
 A                   546722                   528471   1.1083511367599100E-004       8218 #   1  2  2  3  2  2  4  2  4  5 ->   2  2  2  2  2  2  4  2  3  5
 A                   546722                   455571   9.3141278776809412E-005       8218 #   1  2  2  3  2  2  4  2  4  5 ->   2  2  2  2  2  2  4  2  4  4
 A                   546722                   546453   3.2980432495095861E-005       9039 #   1  2  2  3  2  2  4  2  4  5 ->   2  2  2  3  0  2  4  2  4  5
 A                   546722                   546183   3.2748453669538736E-005       9079 #   1  2  2  3  2  2  4  2  4  5 ->   2  2  2  3  1  1  4  2  4  5
 A                   546722                   545373   6.5484229126475563E-005       9082 #   1  2  2  3  2  2  4  2  4  5 ->   2  2  2  3  1  2  3  2  4  5
 A                   546722                   540513   6.8863651515415439E-006       9186 #   1  2  2  3  2  2  4  2  4  5 ->   2  2  2  3  1  2  4  1  4  5
 A                   546722                   528363   2.2806982816094572E-006       9157 #   1  2  2  3  2  2  4  2  4  5 ->   2  2  2  3  1  2  4  2  3  5
 A                   546722                   455463   2.8506080139109158E-006       9158 #   1  2  2  3  2  2  4  2  4  5 ->   2  2  2  3  1  2  4  2  4  4
 A                   546722                   545913   6.3204736331477821E-006       9119 #   1  2  2  3  2  2  4  2  4  5 ->   2  2  2  3  2  0  4  2  4  5
 A                   546722                   545103   1.3639810740399347E-004       9122 #   1  2  2  3  2  2  4  2  4  5 ->   2  2  2  3  2  1  3  2  4  5
 A                   546722                   540243   3.3579884109012659E-006       9226 #   1  2  2  3  2  2  4  2  4  5 ->   2  2  2  3  2  1  4  1  4  5
 A                   546722                   528093   2.7239845840392910E-006       9197 #   1  2  2  3  2  2  4  2  4  5 ->   2  2  2  3  2  1  4  2  3  5
 A                   546722                   455193   9.4158272264196650E-006       9198 #   1  2  2  3  2  2  4  2  4  5 ->   2  2  2  3  2  1  4  2  4  4
 A                   546722                   544293   8.0797262422329370E-005       9125 #   1  2  2  3  2  2  4  2  4  5 ->   2  2  2  3  2  2  2  2  4  5
 A                   546722                   539433   6.7147307073447813E-006       9230 #   1  2  2  3  2  2  4  2  4  5 ->   2  2  2  3  2  2  3  1  4  5
 A                   546722                   527283   1.4095714283312373E-005       9200 #   1  2  2  3  2  2  4  2  4  5 ->   2  2  2  3  2  2  3  2  3  5
 A                   546722                   454383   1.1609015881510549E-005       9201 #   1  2  2  3  2  2  4  2  4  5 ->   2  2  2  3  2  2  3  2  4  4
 A                   546722                   534573   3.5939523163063934E-007       9334 #   1  2  2  3  2  2  4  2  4  5 ->   2  2  2  3  2  2  4  0  4  5
 A                   546722                   522423   2.3105085875727788E-007       9305 #   1  2  2  3  2  2  4  2  4  5 ->   2  2  2  3  2  2  4  1  3  5
 A                   546722                   449523   2.8878676667303025E-007       9305 #   1  2  2  3  2  2  4  2  4  5 ->   2  2  2  3  2  2  4  1  4  4
 A                   546722                   510273   4.7383812569332938E-009       9275 #   1  2  2  3  2  2  4  2  4  5 ->   2  2  2  3  2  2  4  2  2  5
 A                   546722                   437373   1.0041729734411201E-006       9276 #   1  2  2  3  2  2  4  2  4  5 ->   2  2  2  3  2  2  4  2  3  4
 A                   546722                   364473   2.0554846081420903E-007       9277 #   1  2  2  3  2  2  4  2  4  5 ->   2  2  2  3  2  2  4  2  4  3
 A                   546722                   546479   8.0661529828186186E-005        760 #   1  2  2  3  2  2  4  2  4  5 ->   1  2  2  4  0  2  4  2  4  5
 A                   546722                   546209   6.9125570769565373E-005        800 #   1  2  2  3  2  2  4  2  4  5 ->   1  2  2  4  1  1  4  2  4  5
 A                   546722                   545399   1.5509651069896611E-003        803 #   1  2  2  3  2  2  4  2  4  5 ->   1  2  2  4  1  2  3  2  4  5
 A                   546722                   540539   1.4416385945488840E-005        908 #   1  2  2  3  2  2  4  2  4  5 ->   1  2  2  4  1  2  4  1  4  5
 A                   546722                   528389   1.3588151849735133E-004        878 #   1  2  2  3  2  2  4  2  4  5 ->   1  2  2  4  1  2  4  2  3  5
 A                   546722                   455489   1.0578795951896693E-004        879 #   1  2  2  3  2  2  4  2  4  5 ->   1  2  2  4  1  2  4  2  4  4
 A                   546722                   545939   2.5987286252355472E-005        840 #   1  2  2  3  2  2  4  2  4  5 ->   1  2  2  4  2  0  4  2  4  5
 A                   546722                   545129   2.4514725153990499E-003        843 #   1  2  2  3  2  2  4  2  4  5 ->   1  2  2  4  2  1  3  2  4  5
 A                   546722                   540269   6.5232127737934574E-006        948 #   1  2  2  3  2  2  4  2  4  5 ->   1  2  2  4  2  1  4  1  4  5
 A                   546722                   528119   1.5568103286553008E-004        918 #   1  2  2  3  2  2  4  2  4  5 ->   1  2  2  4  2  1  4  2  3  5
 A                   546722                   455219   1.1785826731673798E-003        919 #   1  2  2  3  2  2  4  2  4  5 ->   1  2  2  4  2  1  4  2  4  4
 A                   546722                   544319   3.7121906949712279E-003        846 #   1  2  2  3  2  2  4  2  4  5 ->   1  2  2  4  2  2  2  2  4  5
 A                   546722                   539459   1.6285856905143804E-004        951 #   1  2  2  3  2  2  4  2  4  5 ->   1  2  2  4  2  2  3  1  4  5
 A                   546722                   527309   2.9871642520283648E-003        921 #   1  2  2  3  2  2  4  2  4  5 ->   1  2  2  4  2  2  3  2  3  5
 A                   546722                   454409   3.9319417882768947E-003        922 #   1  2  2  3  2  2  4  2  4  5 ->   1  2  2  4  2  2  3  2  4  4
 A                   546722                   534599   6.3996447901517281E-007       1055 #   1  2  2  3  2  2  4  2  4  5 ->   1  2  2  4  2  2  4  0  4  5
 A                   546722                   522449   1.3092486254749559E-005       1026 #   1  2  2  3  2  2  4  2  4  5 ->   1  2  2  4  2  2  4  1  3  5
 A                   546722                   449549   1.0481717618187089E-005       1026 #   1  2  2  3  2  2  4  2  4  5 ->   1  2  2  4  2  2  4  1  4  4
 A                   546722                   510299   3.4516986685061591E-004        996 #   1  2  2  3  2  2  4  2  4  5 ->   1  2  2  4  2  2  4  2  2  5
 A                   546722                   437399   5.8108166725757016E-003        997 #   1  2  2  3  2  2  4  2  4  5 ->   1  2  2  4  2  2  4  2  3  4
 A                   546722                   364499   3.1905673613462126E-003        998 #   1  2  2  3  2  2  4  2  4  5 ->   1  2  2  4  2  2  4  2  4  3

 P                   546696                   546693   9.2305812960377081E-005       6831 #   2  2  2  2  2  2  4  2  4  5 ->   2  1  2  2  2  2  4  2  4  5
 P                   546696                   546687   2.6414376595470867E-005       6943 #   2  2  2  2  2  2  4  2  4  5 ->   2  2  1  2  2  2  4  2  4  5
 P                   546696                   546669   2.6100978269715320E-005       6965 #   2  2  2  2  2  2  4  2  4  5 ->   2  2  2  1  2  2  4  2  4  5
 P                   546696                   546561   1.4084272193481985E-005       7871 #   2  2  2  2  2  2  4  2  4  5 ->   2  2  2  2  1  2  4  2  4  5
 P                   546696                   546291   3.6530541991594919E-006       7911 #   2  2  2  2  2  2  4  2  4  5 ->   2  2  2  2  2  1  4  2  4  5
 P                   546696                   545481   7.2941207370550719E-006       7914 #   2  2  2  2  2  2  4  2  4  5 ->   2  2  2  2  2  2  3  2  4  5
 V                   546696                   540621   1.4931119679728860E-006       8016 #   2  2  2  2  2  2  4  2  4  5 ->   2  2  2  2  2  2  4  1  4  5
 P                   546696                   528471   2.7595782617494830E-007       7986 #   2  2  2  2  2  2  4  2  4  5 ->   2  2  2  2  2  2  4  2  3  5
 P                   546696                   455571   3.4482423373954816E-007       7986 #   2  2  2  2  2  2  4  2  4  5 ->   2  2  2  2  2  2  4  2  4  4

 P                   546722                   546719   9.5774401877989310E-005       6804 #   1  2  2  3  2  2  4  2  4  5 ->   1  1  2  3  2  2  4  2  4  5
 P                   546722                   546713   2.9144138827266995E-005       6905 #   1  2  2  3  2  2  4  2  4  5 ->   1  2  1  3  2  2  4  2  4  5
 P                   546722                   546695   4.3158089909565384E-005       6929 #   1  2  2  3  2  2  4  2  4  5 ->   1  2  2  2  2  2  4  2  4  5
 P                   546722                   546587   1.4410072781068526E-005       7868 #   1  2  2  3  2  2  4  2  4  5 ->   1  2  2  3  1  2  4  2  4  5
 P                   546722                   546317   3.9187386991546235E-006       7908 #   1  2  2  3  2  2  4  2  4  5 ->   1  2  2  3  2  1  4  2  4  5
 P                   546722                   545507   7.8239470466269716E-006       7911 #   1  2  2  3  2  2  4  2  4  5 ->   1  2  2  3  2  2  3  2  4  5
 V                   546722                   540647   1.5222580863928338E-006       8016 #   1  2  2  3  2  2  4  2  4  5 ->   1  2  2  3  2  2  4  1  4  5
 P                   546722                   528497   3.0057589605998364E-007       7987 #   1  2  2  3  2  2  4  2  4  5 ->   1  2  2  3  2  2  4  2  3  5
 P                   546722                   455597   3.7558247142892816E-007       7987 #   1  2  2  3  2  2  4  2  4  5 ->   1  2  2  3  2  2  4  2  4  4

 F                   546714                   546588   1.3105287784649620E-005        928 #   2  2  1  3  2  2  4  2  4  5 ->   2  2  2  3  1  2  4  2  4  5
 F                   546714                   540648   1.4081743095850958E-006       1073 #   2  2  1  3  2  2  4  2  4  5 ->   2  2  2  3  2  2  4  1  4  5
 F                   546714                   528498   3.5539372861214004E-004       1043 #   2  2  1  3  2  2  4  2  4  5 ->   2  2  2  3  2  2  4  2  3  5
 F                   546714                   546606   1.2196697605942037E-005        906 #   2  2  1  3  2  2  4  2  4  5 ->   2  2  1  4  1  2  4  2  4  5
 F                   546714                   540666   1.3235122503621789E-006       1051 #   2  2  1  3  2  2  4  2  4  5 ->   2  2  1  4  2  2  4  1  4  5
 F                   546714                   528516   3.3341456678221340E-005       1021 #   2  2  1  3  2  2  4  2  4  5 ->   2  2  1  4  2  2  4  2  3  5
 F                   546714                   455616   2.5045637971038073E-004       1021 #   2  2  1  3  2  2  4  2  4  5 ->   2  2  1  4  2  2  4  2  4  4
 A                   546714                   546453   8.4077638001872634E-005        750 #   2  2  1  3  2  2  4  2  4  5 ->   2  2  2  3  0  2  4  2  4  5
 A                   546714                   546183   1.5122493343842124E-003        791 #   2  2  1  3  2  2  4  2  4  5 ->   2  2  2  3  1  1  4  2  4  5
 A                   546714                   545373   1.4236667379464735E-004        794 #   2  2  1  3  2  2  4  2  4  5 ->   2  2  2  3  1  2  3  2  4  5
 A                   546714                   540513   1.5063332107571330E-005        896 #   2  2  1  3  2  2  4  2  4  5 ->   2  2  2  3  1  2  4  1  4  5
 A                   546714                   528363   4.6846185359386665E-005        865 #   2  2  1  3  2  2  4  2  4  5 ->   2  2  2  3  1  2  4  2  3  5
 A                   546714                   455463   1.8129166497884831E-004        866 #   2  2  1  3  2  2  4  2  4  5 ->   2  2  2  3  1  2  4  2  4  4
 A                   546714                   545913   1.3489358933198373E-003        831 #   2  2  1  3  2  2  4  2  4  5 ->   2  2  2  3  2  0  4  2  4  5
 A                   546714                   545103   4.7767060843839117E-003        834 #   2  2  1  3  2  2  4  2  4  5 ->   2  2  2  3  2  1  3  2  4  5
 A                   546714                   540243   1.6012205622529716E-004        936 #   2  2  1  3  2  2  4  2  4  5 ->   2  2  2  3  2  1  4  1  4  5
 A                   546714                   528093   2.1761735682094495E-003        906 #   2  2  1  3  2  2  4  2  4  5 ->   2  2  2  3  2  1  4  2  3  5
 A                   546714                   455193   3.4794052681105989E-003        906 #   2  2  1  3  2  2  4  2  4  5 ->   2  2  2  3  2  1  4  2  4  4
 A                   546714                   544293   1.3695052412468004E-004        837 #   2  2  1  3  2  2  4  2  4  5 ->   2  2  2  3  2  2  2  2  4  5
 A                   546714                   539433   1.3437499007574565E-005        939 #   2  2  1  3  2  2  4  2  4  5 ->   2  2  2  3  2  2  3  1  4  5
 A                   546714                   527283   2.9457169752951972E-003        909 #   2  2  1  3  2  2  4  2  4  5 ->   2  2  2  3  2  2  3  2  3  5
 A                   546714                   454383   3.4720242562077627E-004        909 #   2  2  1  3  2  2  4  2  4  5 ->   2  2  2  3  2  2  3  2  4  4
 A                   546714                   534573   6.7037142326442321E-007       1041 #   2  2  1  3  2  2  4  2  4  5 ->   2  2  2  3  2  2  4  0  4  5
 A                   546714                   522423   4.9854216069064408E-006       1011 #   2  2  1  3  2  2  4  2  4  5 ->   2  2  2  3  2  2  4  1  3  5
 A                   546714                   449523   1.7519701186926948E-005       1011 #   2  2  1  3  2  2  4  2  4  5 ->   2  2  2  3  2  2  4  1  4  4
 A                   546714                   510273   2.2075781868205022E-003        980 #   2  2  1  3  2  2  4  2  4  5 ->   2  2  2  3  2  2  4  2  2  5
 A                   546714                   437373   8.4367597717725402E-003        981 #   2  2  1  3  2  2  4  2  4  5 ->   2  2  2  3  2  2  4  2  3  4
 A                   546714                   364473   3.2585556033497384E-004        982 #   2  2  1  3  2  2  4  2  4  5 ->   2  2  2  3  2  2  4  2  4  3
 A                   546714                   546471   8.4533714356312776E-005        728 #   2  2  1  3  2  2  4  2  4  5 ->   2  2  1  4  0  2  4  2  4  5
 A                   546714                   546201   6.9813386956866835E-005        769 #   2  2  1  3  2  2  4  2  4  5 ->   2  2  1  4  1  1  4  2  4  5
 A                   546714                   545391   1.5992752151916165E-003        772 #   2  2  1  3  2  2  4  2  4  5 ->   2  2  1  4  1  2  3  2  4  5
 A                   546714                   540531   1.5132318011059350E-005        874 #   2  2  1  3  2  2  4  2  4  5 ->   2  2  1  4  1  2  4  1  4  5
 A                   546714                   528381   1.3853839373288780E-004        843 #   2  2  1  3  2  2  4  2  4  5 ->   2  2  1  4  1  2  4  2  3  5
 A                   546714                   455481   1.1499692766254802E-004        844 #   2  2  1  3  2  2  4  2  4  5 ->   2  2  1  4  1  2  4  2  4  4
 A                   546714                   545931   2.6882302304900823E-005        809 #   2  2  1  3  2  2  4  2  4  5 ->   2  2  1  4  2  0  4  2  4  5
 A                   546714                   545121   2.5156716520838359E-003        812 #   2  2  1  3  2  2  4  2  4  5 ->   2  2  1  4  2  1  3  2  4  5
 A                   546714                   540261   6.5802032594652296E-006        914 #   2  2  1  3  2  2  4  2  4  5 ->   2  2  1  4  2  1  4  1  4  5
 A                   546714                   528111   1.6513891289270040E-004        884 #   2  2  1  3  2  2  4  2  4  5 ->   2  2  1  4  2  1  4  2  3  5
 A                   546714                   455211   1.2560095458133882E-003        884 #   2  2  1  3  2  2  4  2  4  5 ->   2  2  1  4  2  1  4  2  4  4
 A                   546714                   544311   3.8121276483764469E-003        816 #   2  2  1  3  2  2  4  2  4  5 ->   2  2  1  4  2  2  2  2  4  5
 A                   546714                   539451   1.6838172929665117E-004        918 #   2  2  1  3  2  2  4  2  4  5 ->   2  2  1  4  2  2  3  1  4  5
 A                   546714                   527301   3.1558011187188210E-003        887 #   2  2  1  3  2  2  4  2  4  5 ->   2  2  1  4  2  2  3  2  3  5
 A                   546714                   454401   4.1606066633033036E-003        888 #   2  2  1  3  2  2  4  2  4  5 ->   2  2  1  4  2  2  3  2  4  4
 A                   546714                   534591   6.7374070956481308E-007       1020 #   2  2  1  3  2  2  4  2  4  5 ->   2  2  1  4  2  2  4  0  4  5
 A                   546714                   522441   1.3489809430117178E-005        989 #   2  2  1  3  2  2  4  2  4  5 ->   2  2  1  4  2  2  4  1  3  5
 A                   546714                   449541   1.1548345090363076E-005        990 #   2  2  1  3  2  2  4  2  4  5 ->   2  2  1  4  2  2  4  1  4  4
 A                   546714                   510291   3.7888142157561824E-004        958 #   2  2  1  3  2  2  4  2  4  5 ->   2  2  1  4  2  2  4  2  2  5
 A                   546714                   437391   6.3530436968494914E-003        959 #   2  2  1  3  2  2  4  2  4  5 ->   2  2  1  4  2  2  4  2  3  4
 A                   546714                   364491   3.4931728442998953E-003        960 #   2  2  1  3  2  2  4  2  4  5 ->   2  2  1  4  2  2  4  2  4  3

 P                   546714                   546711   9.2305812960377081E-005       6831 #   2  2  1  3  2  2  4  2  4  5 ->   2  1  1  3  2  2  4  2  4  5
 P                   546714                   546705   1.3207188297735434E-005       6943 #   2  2  1  3  2  2  4  2  4  5 ->   2  2  0  3  2  2  4  2  4  5
 P                   546714                   546687   3.9151467404572977E-005       6965 #   2  2  1  3  2  2  4  2  4  5 ->   2  2  1  2  2  2  4  2  4  5
 P                   546714                   546579   1.4084272193481985E-005       7871 #   2  2  1  3  2  2  4  2  4  5 ->   2  2  1  3  1  2  4  2  4  5
 P                   546714                   546309   3.6530541991594919E-006       7911 #   2  2  1  3  2  2  4  2  4  5 ->   2  2  1  3  2  1  4  2  4  5
 P                   546714                   545499   7.2941207370550719E-006       7914 #   2  2  1  3  2  2  4  2  4  5 ->   2  2  1  3  2  2  3  2  4  5
 V                   546714                   540639   1.4931119679728860E-006       8016 #   2  2  1  3  2  2  4  2  4  5 ->   2  2  1  3  2  2  4  1  4  5
 P                   546714                   528489   2.7595782617494830E-007       7986 #   2  2  1  3  2  2  4  2  4  5 ->   2  2  1  3  2  2  4  2  3  5
 P                   546714                   455589   3.4482423373954816E-007       7986 #   2  2  1  3  2  2  4  2  4  5 ->   2  2  1  3  2  2  4  2  4  4

 P                   546723                   546720   8.9921044766350208E-005       6892 #   2  2  2  3  2  2  4  2  4  5 ->   2  1  2  3  2  2  4  2  4  5
 P                   546723                   546714   2.5502186156763460E-005       7012 #   2  2  2  3  2  2  4  2  4  5 ->   2  2  1  3  2  2  4  2  4  5
 P                   546723                   546696   3.7813886806391530E-005       7033 #   2  2  2  3  2  2  4  2  4  5 ->   2  2  2  2  2  2  4  2  4  5
 P                   546723                   546588   1.3300829497737897E-005       7897 #   2  2  2  3  2  2  4  2  4  5 ->   2  2  2  3  1  2  4  2  4  5
 P                   546723                   546318   3.3655128789263204E-006       7938 #   2  2  2  3  2  2  4  2  4  5 ->   2  2  2  3  2  1  4  2  4  5
 P                   546723                   545508   6.7208284455700208E-006       7940 #   2  2  2  3  2  2  4  2  4  5 ->   2  2  2  3  2  2  3  2  4  5
 V                   546723                   540648   1.1021504411626165E-006       8029 #   2  2  2  3  2  2  4  2  4  5 ->   2  2  2  3  2  2  4  1  4  5
 P                   546723                   528498   2.1176427600169461E-007       8011 #   2  2  2  3  2  2  4  2  4  5 ->   2  2  2  3  2  2  4  2  3  5
 P                   546723                   455598   2.6462975245140954E-007       8011 #   2  2  2  3  2  2  4  2  4  5 ->   2  2  2  3  2  2  4  2  4  4

 P                   546749                   546746   9.3287681424958550E-005       6866 #   1  2  2  4  2  2  4  2  4  5 ->   1  1  2  4  2  2  4  2  4  5
 P                   546749                   546740   2.8178289200759325E-005       6975 #   1  2  2  4  2  2  4  2  4  5 ->   1  2  1  4  2  2  4  2  4  5
 P                   546749                   546722   5.5659222644995238E-005       6998 #   1  2  2  4  2  2  4  2  4  5 ->   1  2  2  3  2  2  4  2  4  5
 P                   546749                   546614   1.3615371265456181E-005       7894 #   1  2  2  4  2  2  4  2  4  5 ->   1  2  2  4  1  2  4  2  4  5
 P                   546749                   546344   3.6186951939975859E-006       7935 #   1  2  2  4  2  2  4  2  4  5 ->   1  2  2  4  2  1  4  2  4  5
 P                   546749                   545534   7.2258322775772331E-006       7938 #   1  2  2  4  2  2  4  2  4  5 ->   1  2  2  4  2  2  3  2  4  5
 V                   546749                   540674   1.1279657268134955E-006       8029 #   1  2  2  4  2  2  4  2  4  5 ->   1  2  2  4  2  2  4  1  4  5
 P                   546749                   528524   2.2978357903273380E-007       8012 #   1  2  2  4  2  2  4  2  4  5 ->   1  2  2  4  2  2  4  2  3  5
 P                   546749                   455624   2.8714574860216372E-007       8012 #   1  2  2  4  2  2  4  2  4  5 ->   1  2  2  4  2  2  4  2  4  4

 P                   546741                   546738   8.9921044766350208E-005       6892 #   2  2  1  4  2  2  4  2  4  5 ->   2  1  1  4  2  2  4  2  4  5
 P                   546741                   546732   1.2751093078381730E-005       7012 #   2  2  1  4  2  2  4  2  4  5 ->   2  2  0  4  2  2  4  2  4  5
 P                   546741                   546714   5.0418515741855368E-005       7033 #   2  2  1  4  2  2  4  2  4  5 ->   2  2  1  3  2  2  4  2  4  5
 P                   546741                   546606   1.3300829497737897E-005       7897 #   2  2  1  4  2  2  4  2  4  5 ->   2  2  1  4  1  2  4  2  4  5
 P                   546741                   546336   3.3655128789263204E-006       7938 #   2  2  1  4  2  2  4  2  4  5 ->   2  2  1  4  2  1  4  2  4  5
 P                   546741                   545526   6.7208284455700208E-006       7940 #   2  2  1  4  2  2  4  2  4  5 ->   2  2  1  4  2  2  3  2  4  5
 V                   546741                   540666   1.1021504411626165E-006       8029 #   2  2  1  4  2  2  4  2  4  5 ->   2  2  1  4  2  2  4  1  4  5
 P                   546741                   528516   2.1176427600169461E-007       8011 #   2  2  1  4  2  2  4  2  4  5 ->   2  2  1  4  2  2  4  2  3  5
 P                   546741                   455616   2.6462975245140954E-007       8011 #   2  2  1  4  2  2  4  2  4  5 ->   2  2  1  4  2  2  4  2  4  4

 F                   546749                   546741   8.1129468052338390E-003       8221 #   1  2  2  4  2  2  4  2  4  5 ->   2  2  1  4  2  2  4  2  4  5
 F                   546749                   546723   1.6362136808577565E-002       8244 #   1  2  2  4  2  2  4  2  4  5 ->   2  2  2  3  2  2  4  2  4  5
 F                   546749                   546345   1.0196566849910091E-003       9181 #   1  2  2  4  2  2  4  2  4  5 ->   2  2  2  4  2  1  4  2  4  5
 F                   546749                   545535   2.0413255987214796E-003       9184 #   1  2  2  4  2  2  4  2  4  5 ->   2  2  2  4  2  2  3  2  4  5
 A                   546749                   546744   1.6816195458554915E-003       6930 #   1  2  2  4  2  2  4  2  4  5 ->   2  0  2  4  2  2  4  2  4  5
 A                   546749                   546738   1.9406536639223813E-003       7039 #   1  2  2  4  2  2  4  2  4  5 ->   2  1  1  4  2  2  4  2  4  5
 A                   546749                   546720   3.8739204760110642E-003       7062 #   1  2  2  4  2  2  4  2  4  5 ->   2  1  2  3  2  2  4  2  4  5
 A                   546749                   546612   4.5227172284692475E-004       7958 #   1  2  2  4  2  2  4  2  4  5 ->   2  1  2  4  1  2  4  2  4  5
 A                   546749                   546342   2.5163652971257216E-004       7998 #   1  2  2  4  2  2  4  2  4  5 ->   2  1  2  4  2  1  4  2  4  5
 A                   546749                   545532   5.0315260138449535E-004       8001 #   1  2  2  4  2  2  4  2  4  5 ->   2  1  2  4  2  2  3  2  4  5
 A                   546749                   540672   3.7127947565920638E-005       8093 #   1  2  2  4  2  2  4  2  4  5 ->   2  1  2  4  2  2  4  1  4  5
 A                   546749                   528522   1.6211941304503864E-005       8075 #   1  2  2  4  2  2  4  2  4  5 ->   2  1  2  4  2  2  4  2  3  5
 A                   546749                   455622   2.0263362035463602E-005       8076 #   1  2  2  4  2  2  4  2  4  5 ->   2  1  2  4  2  2  4  2  4  4
 A                   546749                   546732   3.8143282322722935E-004       7148 #   1  2  2  4  2  2  4  2  4  5 ->   2  2  0  4  2  2  4  2  4  5
 A                   546749                   546714   9.4817029033185604E-003       7171 #   1  2  2  4  2  2  4  2  4  5 ->   2  2  1  3  2  2  4  2  4  5
 A                   546749                   546606   2.2525122654207524E-004       8067 #   1  2  2  4  2  2  4  2  4  5 ->   2  2  1  4  1  2  4  2  4  5
 A                   546749                   546336   9.4177652999068178E-005       8108 #   1  2  2  4  2  2  4  2  4  5 ->   2  2  1  4  2  1  4  2  4  5
 A                   546749                   545526   1.0656831841012119E-003       8111 #   1  2  2  4  2  2  4  2  4  5 ->   2  2  1  4  2  2  3  2  4  5
 A                   546749                   540666   1.8155804454907878E-005       8202 #   1  2  2  4  2  2  4  2  4  5 ->   2  2  1  4  2  2  4  1  4  5
 A                   546749                   528516   2.3401053992432438E-005       8185 #   1  2  2  4  2  2  4  2  4  5 ->   2  2  1  4  2  2  4  2  3  5
 A                   546749                   455616   7.5851922984250623E-005       8185 #   1  2  2  4  2  2  4  2  4  5 ->   2  2  1  4  2  2  4  2  4  4
 A                   546749                   546696   5.4783964980034934E-003       7194 #   1  2  2  4  2  2  4  2  4  5 ->   2  2  2  2  2  2  4  2  4  5
 A                   546749                   546588   4.4987762346007047E-004       8090 #   1  2  2  4  2  2  4  2  4  5 ->   2  2  2  3  1  2  4  2  4  5
 A                   546749                   546318   1.0625239567543061E-003       8131 #   1  2  2  4  2  2  4  2  4  5 ->   2  2  2  3  2  1  4  2  4  5
 A                   546749                   545508   1.2495079443449646E-003       8134 #   1  2  2  4  2  2  4  2  4  5 ->   2  2  2  3  2  2  3  2  4  5
 A                   546749                   540648   3.6263645733201185E-005       8225 #   1  2  2  4  2  2  4  2  4  5 ->   2  2  2  3  2  2  4  1  4  5
 A                   546749                   528498   1.1329096966135907E-004       8208 #   1  2  2  4  2  2  4  2  4  5 ->   2  2  2  3  2  2  4  2  3  5
 A                   546749                   455598   9.5189441432564316E-005       8208 #   1  2  2  4  2  2  4  2  4  5 ->   2  2  2  3  2  2  4  2  4  4
 A                   546749                   546480   3.0037986349462705E-005       8987 #   1  2  2  4  2  2  4  2  4  5 ->   2  2  2  4  0  2  4  2  4  5
 A                   546749                   546210   2.9305153965658028E-005       9027 #   1  2  2  4  2  2  4  2  4  5 ->   2  2  2  4  1  1  4  2  4  5
 A                   546749                   545400   5.8599577254508827E-005       9030 #   1  2  2  4  2  2  4  2  4  5 ->   2  2  2  4  1  2  3  2  4  5
 A                   546749                   540540   4.9245401550159828E-006       9121 #   1  2  2  4  2  2  4  2  4  5 ->   2  2  2  4  1  2  4  1  4  5
 A                   546749                   528390   1.7139901843804379E-006       9104 #   1  2  2  4  2  2  4  2  4  5 ->   2  2  2  4  1  2  4  2  3  5
 A                   546749                   455490   2.1423264409017631E-006       9104 #   1  2  2  4  2  2  4  2  4  5 ->   2  2  2  4  1  2  4  2  4  4
 A                   546749                   545940   5.5328598259390244E-006       9067 #   1  2  2  4  2  2  4  2  4  5 ->   2  2  2  4  2  0  4  2  4  5
 A                   546749                   545130   1.2023475498495635E-004       9070 #   1  2  2  4  2  2  4  2  4  5 ->   2  2  2  4  2  1  3  2  4  5
 A                   546749                   540270   2.3627696351871842E-006       9161 #   1  2  2  4  2  2  4  2  4  5 ->   2  2  2  4  2  1  4  1  4  5
 A                   546749                   528120   2.0219564167484944E-006       9144 #   1  2  2  4  2  2  4  2  4  5 ->   2  2  2  4  2  1  4  2  3  5
 A                   546749                   455220   6.9747252705626161E-006       9145 #   1  2  2  4  2  2  4  2  4  5 ->   2  2  2  4  2  1  4  2  4  4
 A                   546749                   544320   7.1147793358077558E-005       9073 #   1  2  2  4  2  2  4  2  4  5 ->   2  2  2  4  2  2  2  2  4  5
 A                   546749                   539460   4.7247062962687930E-006       9164 #   1  2  2  4  2  2  4  2  4  5 ->   2  2  2  4  2  2  3  1  4  5
 A                   546749                   527310   1.0442369155039295E-005       9147 #   1  2  2  4  2  2  4  2  4  5 ->   2  2  2  4  2  2  3  2  3  5
 A                   546749                   454410   8.6060826384882649E-006       9148 #   1  2  2  4  2  2  4  2  4  5 ->   2  2  2  4  2  2  3  2  4  4
 A                   546749                   534600   2.0180059253954667E-007       9256 #   1  2  2  4  2  2  4  2  4  5 ->   2  2  2  4  2  2  4  0  4  5
 A                   546749                   522450   1.3666566560005642E-007       9238 #   1  2  2  4  2  2  4  2  4  5 ->   2  2  2  4  2  2  4  1  3  5
 A                   546749                   449550   1.7081923938442094E-007       9239 #   1  2  2  4  2  2  4  2  4  5 ->   2  2  2  4  2  2  4  1  4  4
 A                   546749                   510300   2.9101200929955978E-009       9221 #   1  2  2  4  2  2  4  2  4  5 ->   2  2  2  4  2  2  4  2  2  5
 A                   546749                   437400   6.2270865145479774E-007       9222 #   1  2  2  4  2  2  4  2  4  5 ->   2  2  2  4  2  2  4  2  3  4
 A                   546749                   364500   1.2743948710412783E-007       9222 #   1  2  2  4  2  2  4  2  4  5 ->   2  2  2  4  2  2  4  2  4  3

 F                   546720                   546714   5.5768607808268045E-007        114 #   2  1  2  3  2  2  4  2  4  5 ->   2  2  1  3  2  2  4  2  4  5
 F                   546720                   546696   1.4117090046379226E-006        136 #   2  1  2  3  2  2  4  2  4  5 ->   2  2  2  2  2  2  4  2  4  5
 F                   546720                   546318   7.7574101409841597E-005       1075 #   2  1  2  3  2  2  4  2  4  5 ->   2  2  2  3  2  1  4  2  4  5
 F                   546720                   545508   1.5648793147150512E-004       1078 #   2  1  2  3  2  2  4  2  4  5 ->   2  2  2  3  2  2  3  2  4  5
 F                   546720                   546612   1.2185897471221147E-005        898 #   2  1  2  3  2  2  4  2  4  5 ->   2  1  2  4  1  2  4  2  4  5
 F                   546720                   540672   1.3229941617292337E-006       1044 #   2  1  2  3  2  2  4  2  4  5 ->   2  1  2  4  2  2  4  1  4  5
 F                   546720                   528522   3.2934027480538570E-005       1013 #   2  1  2  3  2  2  4  2  4  5 ->   2  1  2  4  2  2  4  2  3  5
 F                   546720                   455622   2.4739378051183593E-004       1014 #   2  1  2  3  2  2  4  2  4  5 ->   2  1  2  4  2  2  4  2  4  4
 A                   546720                   540639   2.4965293459905486E-003         83 #   2  1  2  3  2  2  4  2  4  5 ->   2  2  1  3  2  2  4  1  4  5
 A                   546720                   528489   1.8153290390415432E-002         52 #   2  1  2  3  2  2  4  2  4  5 ->   2  2  1  3  2  2  4  2  3  5
 A                   546720                   455589   2.4170338212345661E-002         53 #   2  1  2  3  2  2  4  2  4  5 ->   2  2  1  3  2  2  4  2  4  4
 A                   546720                   545481   4.1833116431615212E-002          3 #   2  1  2  3  2  2  4  2  4  5 ->   2  2  2  2  2  2  3  2  4  5
 A                   546720                   540621   3.3175342601072942E-003        104 #   2  1  2  3  2  2  4  2  4  5 ->   2  2  2  2  2  2  4  1  4  5
 A                   546720                   528471   3.5263049535531998E-002         74 #   2  1  2  3  2  2  4  2  4  5 ->   2  2  2  2  2  2  4  2  3  5
 A                   546720                   455571   4.2506912453405890E-002         74 #   2  1  2  3  2  2  4  2  4  5 ->   2  2  2  2  2  2  4  2  4  4
 A                   546720                   546453   9.7288115876937524E-004        858 #   2  1  2  3  2  2  4  2  4  5 ->   2  2  2  3  0  2  4  2  4  5
 A                   546720                   546183   1.8097835158766644E-003        898 #   2  1  2  3  2  2  4  2  4  5 ->   2  2  2  3  1  1  4  2  4  5
 A                   546720                   545373   3.6103800836568790E-003        901 #   2  1  2  3  2  2  4  2  4  5 ->   2  2  2  3  1  2  3  2  4  5
 A                   546720                   540513   1.8109814560028737E-004       1003 #   2  1  2  3  2  2  4  2  4  5 ->   2  2  2  3  1  2  4  1  4  5
 A                   546720                   528363   2.4728525011735916E-003        972 #   2  1  2  3  2  2  4  2  4  5 ->   2  2  2  3  1  2  4  2  3  5
 A                   546720                   455463   3.0893544479561829E-003        973 #   2  1  2  3  2  2  4  2  4  5 ->   2  2  2  3  1  2  4  2  4  4
 A                   546720                   545913   2.4298023343610377E-005        939 #   2  1  2  3  2  2  4  2  4  5 ->   2  2  2  3  2  0  4  2  4  5
 A                   546720                   545103   9.8968988184004695E-005        942 #   2  1  2  3  2  2  4  2  4  5 ->   2  2  2  3  2  1  3  2  4  5
 A                   546720                   540243   1.4579034846747785E-004       1043 #   2  1  2  3  2  2  4  2  4  5 ->   2  2  2  3  2  1  4  1  4  5
 A                   546720                   528093   2.9986868447670070E-005       1013 #   2  1  2  3  2  2  4  2  4  5 ->   2  2  2  3  2  1  4  2  3  5
 A                   546720                   455193   5.8649714442885359E-004       1013 #   2  1  2  3  2  2  4  2  4  5 ->   2  2  2  3  2  1  4  2  4  4
 A                   546720                   544293   9.8483299171250841E-005        945 #   2  1  2  3  2  2  4  2  4  5 ->   2  2  2  3  2  2  2  2  4  5
 A                   546720                   539433   2.9090792644978790E-004       1047 #   2  1  2  3  2  2  4  2  4  5 ->   2  2  2  3  2  2  3  1  4  5
 A                   546720                   527283   8.4223108558657107E-004       1016 #   2  1  2  3  2  2  4  2  4  5 ->   2  2  2  3  2  2  3  2  3  5
 A                   546720                   454383   5.0780817275770040E-004       1016 #   2  1  2  3  2  2  4  2  4  5 ->   2  2  2  3  2  2  3  2  4  4
 A                   546720                   534573   8.2145343726755135E-006       1148 #   2  1  2  3  2  2  4  2  4  5 ->   2  2  2  3  2  2  4  0  4  5
 A                   546720                   522423   1.9385277590000034E-004       1118 #   2  1  2  3  2  2  4  2  4  5 ->   2  2  2  3  2  2  4  1  3  5
 A                   546720                   449523   2.4220758605514255E-004       1118 #   2  1  2  3  2  2  4  2  4  5 ->   2  2  2  3  2  2  4  1  4  4
 A                   546720                   510273   9.1530629558957957E-005       1087 #   2  1  2  3  2  2  4  2  4  5 ->   2  2  2  3  2  2  4  2  2  5
 A                   546720                   437373   3.8909414111898280E-003       1088 #   2  1  2  3  2  2  4  2  4  5 ->   2  2  2  3  2  2  4  2  3  4
 A                   546720                   364473   8.6934388703791628E-004       1088 #   2  1  2  3  2  2  4  2  4  5 ->   2  2  2  3  2  2  4  2  4  3
 A                   546720                   546477   8.5573431960453614E-005        722 #   2  1  2  3  2  2  4  2  4  5 ->   2  1  2  4  0  2  4  2  4  5
 A                   546720                   546207   7.0047497769654016E-005        762 #   2  1  2  3  2  2  4  2  4  5 ->   2  1  2  4  1  1  4  2  4  5
 A                   546720                   545397   1.6160176290942972E-003        765 #   2  1  2  3  2  2  4  2  4  5 ->   2  1  2  4  1  2  3  2  4  5
 A                   546720                   540537   1.5323866308500995E-005        867 #   2  1  2  3  2  2  4  2  4  5 ->   2  1  2  4  1  2  4  1  4  5
 A                   546720                   528387   1.3850772873400360E-004        836 #   2  1  2  3  2  2  4  2  4  5 ->   2  1  2  4  1  2  4  2  3  5
 A                   546720                   455487   1.1656284203488131E-004        837 #   2  1  2  3  2  2  4  2  4  5 ->   2  1  2  4  1  2  4  2  4  4
 A                   546720                   545937   2.7099194371774450E-005        803 #   2  1  2  3  2  2  4  2  4  5 ->   2  1  2  4  2  0  4  2  4  5
 A                   546720                   545127   2.5403616018596122E-003        806 #   2  1  2  3  2  2  4  2  4  5 ->   2  1  2  4  2  1  3  2  4  5
 A                   546720                   540267   6.5986118015053786E-006        907 #   2  1  2  3  2  2  4  2  4  5 ->   2  1  2  4  2  1  4  1  4  5
 A                   546720                   528117   1.6506759337723854E-004        877 #   2  1  2  3  2  2  4  2  4  5 ->   2  1  2  4  2  1  4  2  3  5
 A                   546720                   455217   1.2585475306855075E-003        877 #   2  1  2  3  2  2  4  2  4  5 ->   2  1  2  4  2  1  4  2  4  4
 A                   546720                   544317   3.8494635527477651E-003        809 #   2  1  2  3  2  2  4  2  4  5 ->   2  1  2  4  2  2  2  2  4  5
 A                   546720                   539457   1.7026744765444134E-004        910 #   2  1  2  3  2  2  4  2  4  5 ->   2  1  2  4  2  2  3  1  4  5
 A                   546720                   527307   3.1759496055803727E-003        880 #   2  1  2  3  2  2  4  2  4  5 ->   2  1  2  4  2  2  3  2  3  5
 A                   546720                   454407   4.1802848462011103E-003        880 #   2  1  2  3  2  2  4  2  4  5 ->   2  1  2  4  2  2  3  2  4  4
 A                   546720                   534597   6.8272927780128115E-007       1012 #   2  1  2  3  2  2  4  2  4  5 ->   2  1  2  4  2  2  4  0  4  5
 A                   546720                   522447   1.3521040599333858E-005        982 #   2  1  2  3  2  2  4  2  4  5 ->   2  1  2  4  2  2  4  1  3  5
 A                   546720                   449547   1.1735186834296691E-005        982 #   2  1  2  3  2  2  4  2  4  5 ->   2  1  2  4  2  2  4  1  4  4
 A                   546720                   510297   3.8059877177844481E-004        951 #   2  1  2  3  2  2  4  2  4  5 ->   2  1  2  4  2  2  4  2  2  5
 A                   546720                   437397   6.3826566562354536E-003        952 #   2  1  2  3  2  2  4  2  4  5 ->   2  1  2  4  2  2  4  2  3  4
 A                   546720                   364497   3.5092268308608253E-003        952 #   2  1  2  3  2  2  4  2  4  5 ->   2  1  2  4  2  2  4  2  4  3

 F                   546746                   546738   8.2830521285638635E-003       8245 #   1  1  2  4  2  2  4  2  4  5 ->   2  1  1  4  2  2  4  2  4  5
 F                   546746                   546720   1.6707900921402768E-002       8268 #   1  1  2  4  2  2  4  2  4  5 ->   2  1  2  3  2  2  4  2  4  5
 F                   546746                   546342   1.0939057538655354E-003       9240 #   1  1  2  4  2  2  4  2  4  5 ->   2  1  2  4  2  1  4  2  4  5
 F                   546746                   545532   2.1901222473733597E-003       9244 #   1  1  2  4  2  2  4  2  4  5 ->   2  1  2  4  2  2  3  2  4  5
 F                   546746                   546740   4.0249879324760809E-007        104 #   1  1  2  4  2  2  4  2  4  5 ->   1  2  1  4  2  2  4  2  4  5
 F                   546746                   546722   1.4835435912462555E-006        127 #   1  1  2  4  2  2  4  2  4  5 ->   1  2  2  3  2  2  4  2  4  5
 F                   546746                   546344   8.3490654540511908E-005       1099 #   1  1  2  4  2  2  4  2  4  5 ->   1  2  2  4  2  1  4  2  4  5
 F                   546746                   545534   1.6846774648428115E-004       1102 #   1  1  2  4  2  2  4  2  4  5 ->   1  2  2  4  2  2  3  2  4  5
 A                   546746                   546735   1.0000574026671170E-003       7006 #   1  1  2  4  2  2  4  2  4  5 ->   2  0  1  4  2  2  4  2  4  5
 A                   546746                   546717   1.9962534016289965E-003       7030 #   1  1  2  4  2  2  4  2  4  5 ->   2  0  2  3  2  2  4  2  4  5
 A                   546746                   546609   2.4044189215133654E-004       7962 #   1  1  2  4  2  2  4  2  4  5 ->   2  0  2  4  1  2  4  2  4  5
 A                   546746                   546339   1.3647276660774783E-004       8002 #   1  1  2  4  2  2  4  2  4  5 ->   2  0  2  4  2  1  4  2  4  5
 A                   546746                   545529   2.7287568668862806E-004       8005 #   1  1  2  4  2  2  4  2  4  5 ->   2  0  2  4  2  2  3  2  4  5
 A                   546746                   540669   2.5168649067335222E-005       8109 #   1  1  2  4  2  2  4  2  4  5 ->   2  0  2  4  2  2  4  1  4  5
 A                   546746                   528519   1.0371385426070140E-005       8080 #   1  1  2  4  2  2  4  2  4  5 ->   2  0  2  4  2  2  4  2  3  5
 A                   546746                   455619   1.2963007173438970E-005       8080 #   1  1  2  4  2  2  4  2  4  5 ->   2  0  2  4  2  2  4  2  4  4
 A                   546746                   546729   3.9514758238160951E-004       7110 #   1  1  2  4  2  2  4  2  4  5 ->   2  1  0  4  2  2  4  2  4  5
 A                   546746                   546711   9.7949723955635011E-003       7134 #   1  1  2  4  2  2  4  2  4  5 ->   2  1  1  3  2  2  4  2  4  5
 A                   546746                   546603   2.3903321187588745E-004       8066 #   1  1  2  4  2  2  4  2  4  5 ->   2  1  1  4  1  2  4  2  4  5
 A                   546746                   546333   1.0253504698656329E-004       8106 #   1  1  2  4  2  2  4  2  4  5 ->   2  1  1  4  2  1  4  2  4  5
 A                   546746                   545523   1.1534706140621240E-003       8109 #   1  1  2  4  2  2  4  2  4  5 ->   2  1  1  4  2  2  3  2  4  5
 A                   546746                   540663   2.4526067223606797E-005       8213 #   1  1  2  4  2  2  4  2  4  5 ->   2  1  1  4  2  2  4  1  4  5
 A                   546746                   528513   2.9982492633951924E-005       8184 #   1  1  2  4  2  2  4  2  4  5 ->   2  1  1  4  2  2  4  2  3  5
 A                   546746                   455613   9.7125811871584801E-005       8184 #   1  1  2  4  2  2  4  2  4  5 ->   2  1  1  4  2  2  4  2  4  4
 A                   546746                   546693   5.6611798177427369E-003       7157 #   1  1  2  4  2  2  4  2  4  5 ->   2  1  2  2  2  2  4  2  4  5
 A                   546746                   546585   4.7740164218073629E-004       8089 #   1  1  2  4  2  2  4  2  4  5 ->   2  1  2  3  1  2  4  2  4  5
 A                   546746                   546315   1.1500365412758942E-003       8129 #   1  1  2  4  2  2  4  2  4  5 ->   2  1  2  3  2  1  4  2  4  5
 A                   546746                   545505   1.3535626081481210E-003       8132 #   1  1  2  4  2  2  4  2  4  5 ->   2  1  2  3  2  2  3  2  4  5
 A                   546746                   540645   4.8987424216191238E-005       8237 #   1  1  2  4  2  2  4  2  4  5 ->   2  1  2  3  2  2  4  1  4  5
 A                   546746                   528495   1.4506162694477090E-004       8207 #   1  1  2  4  2  2  4  2  4  5 ->   2  1  2  3  2  2  4  2  3  5
 A                   546746                   455595   1.2190268093704611E-004       8208 #   1  1  2  4  2  2  4  2  4  5 ->   2  1  2  3  2  2  4  2  4  4
 A                   546746                   546477   3.2978857925177530E-005       9021 #   1  1  2  4  2  2  4  2  4  5 ->   2  1  2  4  0  2  4  2  4  5
 A                   546746                   546207   3.2731659762323430E-005       9061 #   1  1  2  4  2  2  4  2  4  5 ->   2  1  2  4  1  1  4  2  4  5
 A                   546746                   545397   6.5450625336611152E-005       9064 #   1  1  2  4  2  2  4  2  4  5 ->   2  1  2  4  1  2  3  2  4  5
 A                   546746                   540537   6.8928622628616199E-006       9168 #   1  1  2  4  2  2  4  2  4  5 ->   2  1  2  4  1  2  4  1  4  5
 A                   546746                   528387   2.2530499438808074E-006       9139 #   1  1  2  4  2  2  4  2  4  5 ->   2  1  2  4  1  2  4  2  3  5
 A                   546746                   455487   2.8160532607632189E-006       9140 #   1  1  2  4  2  2  4  2  4  5 ->   2  1  2  4  1  2  4  2  4  4
 A                   546746                   545937   6.3114105169810444E-006       9101 #   1  1  2  4  2  2  4  2  4  5 ->   2  1  2  4  2  0  4  2  4  5
 A                   546746                   545127   1.3639439680582978E-004       9104 #   1  1  2  4  2  2  4  2  4  5 ->   2  1  2  4  2  1  3  2  4  5
 A                   546746                   540267   3.3595181151203150E-006       9209 #   1  1  2  4  2  2  4  2  4  5 ->   2  1  2  4  2  1  4  1  4  5
 A                   546746                   528117   2.6930694083885773E-006       9179 #   1  1  2  4  2  2  4  2  4  5 ->   2  1  2  4  2  1  4  2  3  5
 A                   546746                   455217   9.3050312486351507E-006       9180 #   1  1  2  4  2  2  4  2  4  5 ->   2  1  2  4  2  1  4  2  4  4
 A                   546746                   544317   8.0777296841361376E-005       9107 #   1  1  2  4  2  2  4  2  4  5 ->   2  1  2  4  2  2  2  2  4  5
 A                   546746                   539457   6.7177891939759102E-006       9212 #   1  1  2  4  2  2  4  2  4  5 ->   2  1  2  4  2  2  3  1  4  5
 A                   546746                   527307   1.3930064757273097E-005       9182 #   1  1  2  4  2  2  4  2  4  5 ->   2  1  2  4  2  2  3  2  3  5
 A                   546746                   454407   1.1474128448364645E-005       9183 #   1  1  2  4  2  2  4  2  4  5 ->   2  1  2  4  2  2  3  2  4  4
 A                   546746                   534597   3.6009020564375530E-007       9316 #   1  1  2  4  2  2  4  2  4  5 ->   2  1  2  4  2  2  4  0  4  5
 A                   546746                   522447   2.2847039669562540E-007       9287 #   1  1  2  4  2  2  4  2  4  5 ->   2  1  2  4  2  2  4  1  3  5
 A                   546746                   449547   2.8556174878207496E-007       9287 #   1  1  2  4  2  2  4  2  4  5 ->   2  1  2  4  2  2  4  1  4  4
 A                   546746                   510297   4.6201951438645916E-009       9257 #   1  1  2  4  2  2  4  2  4  5 ->   2  1  2  4  2  2  4  2  2  5
 A                   546746                   437397   9.7982343400467521E-007       9258 #   1  1  2  4  2  2  4  2  4  5 ->   2  1  2  4  2  2  4  2  3  4
 A                   546746                   364497   2.0056117702857611E-007       9258 #   1  1  2  4  2  2  4  2  4  5 ->   2  1  2  4  2  2  4  2  4  3
 A                   546746                   540665   2.6146285273928446E-003         72 #   1  1  2  4  2  2  4  2  4  5 ->   1  2  1  4  2  2  4  1  4  5
 A                   546746                   528515   1.5638424351938039E-002         42 #   1  1  2  4  2  2  4  2  4  5 ->   1  2  1  4  2  2  4  2  3  5
 A                   546746                   455615   2.0426961337653295E-002         43 #   1  1  2  4  2  2  4  2  4  5 ->   1  2  1  4  2  2  4  2  4  4
 A                   546746                   540647   4.5537067657443666E-003         95 #   1  1  2  4  2  2  4  2  4  5 ->   1  2  2  3  2  2  4  1  4  5
 A                   546746                   528497   4.1989621807438614E-002         66 #   1  1  2  4  2  2  4  2  4  5 ->   1  2  2  3  2  2  4  2  3  5
 A                   546746                   455597   5.1041929822856741E-002         66 #   1  1  2  4  2  2  4  2  4  5 ->   1  2  2  3  2  2  4  2  4  4
 A                   546746                   546479   9.5688774755600702E-004        880 #   1  1  2  4  2  2  4  2  4  5 ->   1  2  2  4  0  2  4  2  4  5
 A                   546746                   546209   1.7856793981188852E-003        920 #   1  1  2  4  2  2  4  2  4  5 ->   1  2  2  4  1  1  4  2  4  5
 A                   546746                   545399   3.5620004912304813E-003        923 #   1  1  2  4  2  2  4  2  4  5 ->   1  2  2  4  1  2  3  2  4  5
 A                   546746                   540539   1.7771195448671375E-004       1027 #   1  1  2  4  2  2  4  2  4  5 ->   1  2  2  4  1  2  4  1  4  5
 A                   546746                   528389   2.3956374208073238E-003        998 #   1  1  2  4  2  2  4  2  4  5 ->   1  2  2  4  1  2  4  2  3  5
 A                   546746                   455489   2.9928715118577869E-003        998 #   1  1  2  4  2  2  4  2  4  5 ->   1  2  2  4  1  2  4  2  4  4
 A                   546746                   545939   2.0486993462125468E-005        960 #   1  1  2  4  2  2  4  2  4  5 ->   1  2  2  4  2  0  4  2  4  5
 A                   546746                   545129   1.1165772787083331E-004        963 #   1  1  2  4  2  2  4  2  4  5 ->   1  2  2  4  2  1  3  2  4  5
 A                   546746                   540269   1.4366972134710767E-004       1067 #   1  1  2  4  2  2  4  2  4  5 ->   1  2  2  4  2  1  4  1  4  5
 A                   546746                   528119   2.8326573378935334E-005       1038 #   1  1  2  4  2  2  4  2  4  5 ->   1  2  2  4  2  1  4  2  3  5
 A                   546746                   455219   6.2122528042039262E-004       1038 #   1  1  2  4  2  2  4  2  4  5 ->   1  2  2  4  2  1  4  2  4  4
 A                   546746                   544319   9.7217666712344676E-005        966 #   1  1  2  4  2  2  4  2  4  5 ->   1  2  2  4  2  2  2  2  4  5
 A                   546746                   539459   2.8665545301120258E-004       1071 #   1  1  2  4  2  2  4  2  4  5 ->   1  2  2  4  2  2  3  1  4  5
 A                   546746                   527309   8.9141000034442266E-004       1041 #   1  1  2  4  2  2  4  2  4  5 ->   1  2  2  4  2  2  3  2  3  5
 A                   546746                   454409   5.3279834678210348E-004       1042 #   1  1  2  4  2  2  4  2  4  5 ->   1  2  2  4  2  2  3  2  4  4
 A                   546746                   534599   8.0470526699153984E-006       1175 #   1  1  2  4  2  2  4  2  4  5 ->   1  2  2  4  2  2  4  0  4  5
 A                   546746                   522449   1.8764465131593420E-004       1145 #   1  1  2  4  2  2  4  2  4  5 ->   1  2  2  4  2  2  4  1  3  5
 A                   546746                   449549   2.3444961166014700E-004       1146 #   1  1  2  4  2  2  4  2  4  5 ->   1  2  2  4  2  2  4  1  4  4
 A                   546746                   510299   8.5659511199787607E-005       1116 #   1  1  2  4  2  2  4  2  4  5 ->   1  2  2  4  2  2  4  2  2  5
 A                   546746                   437399   3.6937294321200014E-003       1116 #   1  1  2  4  2  2  4  2  4  5 ->   1  2  2  4  2  2  4  2  3  4
 A                   546746                   364499   8.2404758352958257E-004       1117 #   1  1  2  4  2  2  4  2  4  5 ->   1  2  2  4  2  2  4  2  4  3

 P                   546720                   546717   4.5863417074109723E-005       6837 #   2  1  2  3  2  2  4  2  4  5 ->   2  0  2  3  2  2  4  2  4  5
 P                   546720                   546711   2.6160150702074003E-005       6951 #   2  1  2  3  2  2  4  2  4  5 ->   2  1  1  3  2  2  4  2  4  5
 P                   546720                   546693   3.8778648735497790E-005       6973 #   2  1  2  3  2  2  4  2  4  5 ->   2  1  2  2  2  2  4  2  4  5
 P                   546720                   546585   1.4052166286518464E-005       7871 #   2  1  2  3  2  2  4  2  4  5 ->   2  1  2  3  1  2  4  2  4  5
 P                   546720                   546315   3.6360477998440449E-006       7912 #   2  1  2  3  2  2  4  2  4  5 ->   2  1  2  3  2  1  4  2  4  5
 P                   546720                   545505   7.2602111961366611E-006       7915 #   2  1  2  3  2  2  4  2  4  5 ->   2  1  2  3  2  2  3  2  4  5
 V                   546720                   540645   1.4911812057125194E-006       8016 #   2  1  2  3  2  2  4  2  4  5 ->   2  1  2  3  2  2  4  1  4  5
 P                   546720                   528495   2.7042395659754428E-007       7986 #   2  1  2  3  2  2  4  2  4  5 ->   2  1  2  3  2  2  4  2  3  5
 P                   546720                   455595   3.3791092725584711E-007       7986 #   2  1  2  3  2  2  4  2  4  5 ->   2  1  2  3  2  2  4  2  4  4

 P                   546746                   546743   4.7559348564787937E-005       6809 #   1  1  2  4  2  2  4  2  4  5 ->   1  0  2  4  2  2  4  2  4  5
 P                   546746                   546737   2.8866183970085020E-005       6913 #   1  1  2  4  2  2  4  2  4  5 ->   1  1  1  4  2  2  4  2  4  5
 P                   546746                   546719   5.7001676864837215E-005       6937 #   1  1  2  4  2  2  4  2  4  5 ->   1  1  2  3  2  2  4  2  4  5
 P                   546746                   546611   1.4369577284918584E-005       7868 #   1  1  2  4  2  2  4  2  4  5 ->   1  1  2  4  1  2  4  2  4  5
 P                   546746                   546341   3.9013902364070546E-006       7909 #   1  1  2  4  2  2  4  2  4  5 ->   1  1  2  4  2  1  4  2  4  5
 P                   546746                   545531   7.7893633972752887E-006       7912 #   1  1  2  4  2  2  4  2  4  5 ->   1  1  2  4  2  2  3  2  4  5
 V                   546746                   540671   1.5195191158997794E-006       8016 #   1  1  2  4  2  2  4  2  4  5 ->   1  1  2  4  2  2  4  1  4  5
 P                   546746                   528521   2.9438052276051553E-007       7987 #   1  1  2  4  2  2  4  2  4  5 ->   1  1  2  4  2  2  4  2  3  5
 P                   546746                   455621   3.6784285470049950E-007       7987 #   1  1  2  4  2  2  4  2  4  5 ->   1  1  2  4  2  2  4  2  4  4

 F                   546738                   546732   2.7884303904134022E-007        114 #   2  1  1  4  2  2  4  2  4  5 ->   2  2  0  4  2  2  4  2  4  5
 F                   546738                   546714   1.8822786728505633E-006        136 #   2  1  1  4  2  2  4  2  4  5 ->   2  2  1  3  2  2  4  2  4  5
 F                   546738                   546336   7.7574101409841597E-005       1075 #   2  1  1  4  2  2  4  2  4  5 ->   2  2  1  4  2  1  4  2  4  5
 F                   546738                   545526   1.5648793147150512E-004       1078 #   2  1  1  4  2  2  4  2  4  5 ->   2  2  1  4  2  2  3  2  4  5
 F                   546738                   546612   1.3093391146725786E-005        920 #   2  1  1  4  2  2  4  2  4  5 ->   2  1  2  4  1  2  4  2  4  5
 F                   546738                   540672   1.4075193868241979E-006       1066 #   2  1  1  4  2  2  4  2  4  5 ->   2  1  2  4  2  2  4  1  4  5
 F                   546738                   528522   3.5102998933583265E-004       1035 #   2  1  1  4  2  2  4  2  4  5 ->   2  1  2  4  2  2  4  2  3  5
 A                   546738                   540657   1.2482646729952743E-003         83 #   2  1  1  4  2  2  4  2  4  5 ->   2  2  0  4  2  2  4  1  4  5
 A                   546738                   528507   9.0766451952077158E-003         52 #   2  1  1  4  2  2  4  2  4  5 ->   2  2  0  4  2  2  4  2  3  5
 A                   546738                   455607   1.2085169106172831E-002         53 #   2  1  1  4  2  2  4  2  4  5 ->   2  2  0  4  2  2  4  2  4  4
 A                   546738                   545499   5.5777488575486943E-002          3 #   2  1  1  4  2  2  4  2  4  5 ->   2  2  1  3  2  2  3  2  4  5
 A                   546738                   540639   4.4233790134763926E-003        104 #   2  1  1  4  2  2  4  2  4  5 ->   2  2  1  3  2  2  4  1  4  5
 A                   546738                   528489   4.7017399380709327E-002         74 #   2  1  1  4  2  2  4  2  4  5 ->   2  2  1  3  2  2  4  2  3  5
 A                   546738                   455589   5.6675883271207858E-002         74 #   2  1  1  4  2  2  4  2  4  5 ->   2  2  1  3  2  2  4  2  4  4
 A                   546738                   546471   9.7288115876937524E-004        858 #   2  1  1  4  2  2  4  2  4  5 ->   2  2  1  4  0  2  4  2  4  5
 A                   546738                   546201   1.8097835158766644E-003        898 #   2  1  1  4  2  2  4  2  4  5 ->   2  2  1  4  1  1  4  2  4  5
 A                   546738                   545391   3.6103800836568790E-003        901 #   2  1  1  4  2  2  4  2  4  5 ->   2  2  1  4  1  2  3  2  4  5
 A                   546738                   540531   1.8109814560028737E-004       1003 #   2  1  1  4  2  2  4  2  4  5 ->   2  2  1  4  1  2  4  1  4  5
 A                   546738                   528381   2.4728525011735916E-003        972 #   2  1  1  4  2  2  4  2  4  5 ->   2  2  1  4  1  2  4  2  3  5
 A                   546738                   455481   3.0893544479561829E-003        973 #   2  1  1  4  2  2  4  2  4  5 ->   2  2  1  4  1  2  4  2  4  4
 A                   546738                   545931   2.4298023343610377E-005        939 #   2  1  1  4  2  2  4  2  4  5 ->   2  2  1  4  2  0  4  2  4  5
 A                   546738                   545121   9.8968988184004695E-005        942 #   2  1  1  4  2  2  4  2  4  5 ->   2  2  1  4  2  1  3  2  4  5
 A                   546738                   540261   1.4579034846747785E-004       1043 #   2  1  1  4  2  2  4  2  4  5 ->   2  2  1  4  2  1  4  1  4  5
 A                   546738                   528111   2.9986868447670070E-005       1013 #   2  1  1  4  2  2  4  2  4  5 ->   2  2  1  4  2  1  4  2  3  5
 A                   546738                   455211   5.8649714442885359E-004       1013 #   2  1  1  4  2  2  4  2  4  5 ->   2  2  1  4  2  1  4  2  4  4
 A                   546738                   544311   9.8483299171250841E-005        945 #   2  1  1  4  2  2  4  2  4  5 ->   2  2  1  4  2  2  2  2  4  5
 A                   546738                   539451   2.9090792644978790E-004       1047 #   2  1  1  4  2  2  4  2  4  5 ->   2  2  1  4  2  2  3  1  4  5
 A                   546738                   527301   8.4223108558657107E-004       1016 #   2  1  1  4  2  2  4  2  4  5 ->   2  2  1  4  2  2  3  2  3  5
 A                   546738                   454401   5.0780817275770040E-004       1016 #   2  1  1  4  2  2  4  2  4  5 ->   2  2  1  4  2  2  3  2  4  4
 A                   546738                   534591   8.2145343726755135E-006       1148 #   2  1  1  4  2  2  4  2  4  5 ->   2  2  1  4  2  2  4  0  4  5
 A                   546738                   522441   1.9385277590000034E-004       1118 #   2  1  1  4  2  2  4  2  4  5 ->   2  2  1  4  2  2  4  1  3  5
 A                   546738                   449541   2.4220758605514255E-004       1118 #   2  1  1  4  2  2  4  2  4  5 ->   2  2  1  4  2  2  4  1  4  4
 A                   546738                   510291   9.1530629558957957E-005       1087 #   2  1  1  4  2  2  4  2  4  5 ->   2  2  1  4  2  2  4  2  2  5
 A                   546738                   437391   3.8909414111898280E-003       1088 #   2  1  1  4  2  2  4  2  4  5 ->   2  2  1  4  2  2  4  2  3  4
 A                   546738                   364491   8.6934388703791628E-004       1088 #   2  1  1  4  2  2  4  2  4  5 ->   2  2  1  4  2  2  4  2  4  3
 A                   546738                   546477   8.5146916770362208E-005        743 #   2  1  1  4  2  2  4  2  4  5 ->   2  1  2  4  0  2  4  2  4  5
 A                   546738                   546207   1.5285696252793808E-003        784 #   2  1  1  4  2  2  4  2  4  5 ->   2  1  2  4  1  1  4  2  4  5
 A                   546738                   545397   1.4283363398335372E-004        787 #   2  1  1  4  2  2  4  2  4  5 ->   2  1  2  4  1  2  3  2  4  5
 A                   546738                   540537   1.5260333261852013E-005        889 #   2  1  1  4  2  2  4  2  4  5 ->   2  1  2  4  1  2  4  1  4  5
 A                   546738                   528387   4.8643014675913406E-005        858 #   2  1  1  4  2  2  4  2  4  5 ->   2  1  2  4  1  2  4  2  3  5
 A                   546738                   455487   1.8084690934031431E-004        859 #   2  1  1  4  2  2  4  2  4  5 ->   2  1  2  4  1  2  4  2  4  4
 A                   546738                   545937   1.3621175855270885E-003        824 #   2  1  1  4  2  2  4  2  4  5 ->   2  1  2  4  2  0  4  2  4  5
 A                   546738                   545127   4.8238861715540413E-003        828 #   2  1  1  4  2  2  4  2  4  5 ->   2  1  2  4  2  1  3  2  4  5
 A                   546738                   540267   1.6197293400921009E-004        929 #   2  1  1  4  2  2  4  2  4  5 ->   2  1  2  4  2  1  4  1  4  5
 A                   546738                   528117   2.1875751266364398E-003        899 #   2  1  1  4  2  2  4  2  4  5 ->   2  1  2  4  2  1  4  2  3  5
 A                   546738                   455217   3.5035533154161138E-003        899 #   2  1  1  4  2  2  4  2  4  5 ->   2  1  2  4  2  1  4  2  4  4
 A                   546738                   544317   1.3812721158735944E-004        831 #   2  1  1  4  2  2  4  2  4  5 ->   2  1  2  4  2  2  2  2  4  5
 A                   546738                   539457   1.3475187762163638E-005        932 #   2  1  1  4  2  2  4  2  4  5 ->   2  1  2  4  2  2  3  1  4  5
 A                   546738                   527307   2.9506098750671696E-003        902 #   2  1  1  4  2  2  4  2  4  5 ->   2  1  2  4  2  2  3  2  3  5
 A                   546738                   454407   3.4854885256119196E-004        902 #   2  1  1  4  2  2  4  2  4  5 ->   2  1  2  4  2  2  3  2  4  4
 A                   546738                   534597   6.7956798900787291E-007       1034 #   2  1  1  4  2  2  4  2  4  5 ->   2  1  2  4  2  2  4  0  4  5
 A                   546738                   522447   5.1834812901747913E-006       1003 #   2  1  1  4  2  2  4  2  4  5 ->   2  1  2  4  2  2  4  1  3  5
 A                   546738                   449547   1.7522387530441882E-005       1004 #   2  1  1  4  2  2  4  2  4  5 ->   2  1  2  4  2  2  4  1  4  4
 A                   546738                   510297   2.2176445190668281E-003        973 #   2  1  1  4  2  2  4  2  4  5 ->   2  1  2  4  2  2  4  2  2  5
 A                   546738                   437397   8.4758521215733788E-003        973 #   2  1  1  4  2  2  4  2  4  5 ->   2  1  2  4  2  2  4  2  3  4
 A                   546738                   364497   3.2747756115689684E-004        974 #   2  1  1  4  2  2  4  2  4  5 ->   2  1  2  4  2  2  4  2  4  3

 P                   546738                   546735   4.5863417074109723E-005       6837 #   2  1  1  4  2  2  4  2  4  5 ->   2  0  1  4  2  2  4  2  4  5
 P                   546738                   546729   1.3080075351037001E-005       6951 #   2  1  1  4  2  2  4  2  4  5 ->   2  1  0  4  2  2  4  2  4  5
 P                   546738                   546711   5.1704864980663720E-005       6973 #   2  1  1  4  2  2  4  2  4  5 ->   2  1  1  3  2  2  4  2  4  5
 P                   546738                   546603   1.4052166286518464E-005       7871 #   2  1  1  4  2  2  4  2  4  5 ->   2  1  1  4  1  2  4  2  4  5
 P                   546738                   546333   3.6360477998440449E-006       7912 #   2  1  1  4  2  2  4  2  4  5 ->   2  1  1  4  2  1  4  2  4  5
 P                   546738                   545523   7.2602111961366611E-006       7915 #   2  1  1  4  2  2  4  2  4  5 ->   2  1  1  4  2  2  3  2  4  5
 V                   546738                   540663   1.4911812057125194E-006       8016 #   2  1  1  4  2  2  4  2  4  5 ->   2  1  1  4  2  2  4  1  4  5
 P                   546738                   528513   2.7042395659754428E-007       7986 #   2  1  1  4  2  2  4  2  4  5 ->   2  1  1  4  2  2  4  2  3  5
 P                   546738                   455613   3.3791092725584711E-007       7986 #   2  1  1  4  2  2  4  2  4  5 ->   2  1  1  4  2  2  4  2  4  4

 F                   546696                   546588   2.4393395211884074E-005        906 #   2  2  2  2  2  2  4  2  4  5 ->   2  2  2  3  1  2  4  2  4  5
 F                   546696                   540648   2.6470245007243578E-006       1051 #   2  2  2  2  2  2  4  2  4  5 ->   2  2  2  3  2  2  4  1  4  5
 F                   546696                   528498   6.6682913356442679E-005       1021 #   2  2  2  2  2  2  4  2  4  5 ->   2  2  2  3  2  2  4  2  3  5
 F                   546696                   455598   5.0091275942076147E-004       1021 #   2  2  2  2  2  2  4  2  4  5 ->   2  2  2  3  2  2  4  2  4  4
 A                   546696                   546453   1.6906742871262555E-004        728 #   2  2  2  2  2  2  4  2  4  5 ->   2  2  2  3  0  2  4  2  4  5
 A                   546696                   546183   1.3962677391373367E-004        769 #   2  2  2  2  2  2  4  2  4  5 ->   2  2  2  3  1  1  4  2  4  5
 A                   546696                   545373   3.1985504303832330E-003        772 #   2  2  2  2  2  2  4  2  4  5 ->   2  2  2  3  1  2  3  2  4  5
 A                   546696                   540513   3.0264636022118700E-005        874 #   2  2  2  2  2  2  4  2  4  5 ->   2  2  2  3  1  2  4  1  4  5
 A                   546696                   528363   2.7707678746577560E-004        843 #   2  2  2  2  2  2  4  2  4  5 ->   2  2  2  3  1  2  4  2  3  5
 A                   546696                   455463   2.2999385532509605E-004        844 #   2  2  2  2  2  2  4  2  4  5 ->   2  2  2  3  1  2  4  2  4  4
 A                   546696                   545913   5.3764604609801646E-005        809 #   2  2  2  2  2  2  4  2  4  5 ->   2  2  2  3  2  0  4  2  4  5
 A                   546696                   545103   5.0313433041676717E-003        812 #   2  2  2  2  2  2  4  2  4  5 ->   2  2  2  3  2  1  3  2  4  5
 A                   546696                   540243   1.3160406518930459E-005        914 #   2  2  2  2  2  2  4  2  4  5 ->   2  2  2  3  2  1  4  1  4  5
 A                   546696                   528093   3.3027782578540080E-004        884 #   2  2  2  2  2  2  4  2  4  5 ->   2  2  2  3  2  1  4  2  3  5
 A                   546696                   455193   2.5120190916267764E-003        884 #   2  2  2  2  2  2  4  2  4  5 ->   2  2  2  3  2  1  4  2  4  4
 A                   546696                   544293   7.6242552967528939E-003        816 #   2  2  2  2  2  2  4  2  4  5 ->   2  2  2  3  2  2  2  2  4  5
 A                   546696                   539433   3.3676345859330234E-004        918 #   2  2  2  2  2  2  4  2  4  5 ->   2  2  2  3  2  2  3  1  4  5
 A                   546696                   527283   6.3116022374376420E-003        887 #   2  2  2  2  2  2  4  2  4  5 ->   2  2  2  3  2  2  3  2  3  5
 A                   546696                   454383   8.3212133266066073E-003        888 #   2  2  2  2  2  2  4  2  4  5 ->   2  2  2  3  2  2  3  2  4  4
 A                   546696                   534573   1.3474814191296262E-006       1020 #   2  2  2  2  2  2  4  2  4  5 ->   2  2  2  3  2  2  4  0  4  5
 A                   546696                   522423   2.6979618860234356E-005        989 #   2  2  2  2  2  2  4  2  4  5 ->   2  2  2  3  2  2  4  1  3  5
 A                   546696                   449523   2.3096690180726153E-005        990 #   2  2  2  2  2  2  4  2  4  5 ->   2  2  2  3  2  2  4  1  4  4
 A                   546696                   510273   7.5776284315123648E-004        958 #   2  2  2  2  2  2  4  2  4  5 ->   2  2  2  3  2  2  4  2  2  5
 A                   546696                   437373   1.2706087393698983E-002        959 #   2  2  2  2  2  2  4  2  4  5 ->   2  2  2  3  2  2  4  2  3  4
 A                   546696                   364473   6.9863456885997906E-003        960 #   2  2  2  2  2  2  4  2  4  5 ->   2  2  2  3  2  2  4  2  4  3

 F                   546722                   546714   8.3471461009270130E-003       8255 #   1  2  2  3  2  2  4  2  4  5 ->   2  2  1  3  2  2  4  2  4  5
 F                   546722                   546696   1.2628645999849536E-002       8279 #   1  2  2  3  2  2  4  2  4  5 ->   2  2  2  2  2  2  4  2  4  5
 F                   546722                   546318   1.0966673497173100E-003       9258 #   1  2  2  3  2  2  4  2  4  5 ->   2  2  2  3  2  1  4  2  4  5
 F                   546722                   545508   2.1956553136015548E-003       9262 #   1  2  2  3  2  2  4  2  4  5 ->   2  2  2  3  2  2  3  2  4  5
 F                   546722                   546614   1.2201878745023662E-005        939 #   1  2  2  3  2  2  4  2  4  5 ->   1  2  2  4  1  2  4  2  4  5
 F                   546722                   540674   1.3222635920948487E-006       1087 #   1  2  2  3  2  2  4  2  4  5 ->   1  2  2  4  2  2  4  1  4  5
 F                   546722                   528524   3.4343901995413405E-005       1058 #   1  2  2  3  2  2  4  2  4  5 ->   1  2  2  4  2  2  4  2  3  5
 F                   546722                   455624   2.5798357847612880E-004       1058 #   1  2  2  3  2  2  4  2  4  5 ->   1  2  2  4  2  2  4  2  4  4
 A                   546722                   546717   1.7455306086603028E-003       6909 #   1  2  2  3  2  2  4  2  4  5 ->   2  0  2  3  2  2  4  2  4  5
 A                   546722                   546711   2.0203058544045129E-003       7011 #   1  2  2  3  2  2  4  2  4  5 ->   2  1  1  3  2  2  4  2  4  5
 A                   546722                   546693   3.0245802896277929E-003       7035 #   1  2  2  3  2  2  4  2  4  5 ->   2  1  2  2  2  2  4  2  4  5
 A                   546722                   546585   4.8299793879443182E-004       7974 #   1  2  2  3  2  2  4  2  4  5 ->   2  1  2  3  1  2  4  2  4  5
 A                   546722                   546315   2.7436113202254522E-004       8014 #   1  2  2  3  2  2  4  2  4  5 ->   2  1  2  3  2  1  4  2  4  5
 A                   546722                   545505   5.4858166946360881E-004       8017 #   1  2  2  3  2  2  4  2  4  5 ->   2  1  2  3  2  2  3  2  4  5
 A                   546722                   540645   5.0508950822050100E-005       8122 #   1  2  2  3  2  2  4  2  4  5 ->   2  1  2  3  2  2  4  1  4  5
 A                   546722                   528495   2.1102447470868405E-005       8092 #   1  2  2  3  2  2  4  2  4  5 ->   2  1  2  3  2  2  4  2  3  5
 A                   546722                   455595   2.6375541737976612E-005       8093 #   1  2  2  3  2  2  4  2  4  5 ->   2  1  2  3  2  2  4  2  4  4
 A                   546722                   546705   4.0007676946461813E-004       7113 #   1  2  2  3  2  2  4  2  4  5 ->   2  2  0  3  2  2  4  2  4  5
 A                   546722                   546687   7.4297587493011097E-003       7136 #   1  2  2  3  2  2  4  2  4  5 ->   2  2  1  2  2  2  4  2  4  5
 A                   546722                   546579   2.4032547250365862E-004       8076 #   1  2  2  3  2  2  4  2  4  5 ->   2  2  1  3  1  2  4  2  4  5
 A                   546722                   546309   1.0327659594610428E-004       8116 #   1  2  2  3  2  2  4  2  4  5 ->   2  2  1  3  2  1  4  2  4  5
 A                   546722                   545499   1.1600088662801959E-003       8119 #   1  2  2  3  2  2  4  2  4  5 ->   2  2  1  3  2  2  3  2  4  5
 A                   546722                   540639   2.4634884753043352E-005       8223 #   1  2  2  3  2  2  4  2  4  5 ->   2  2  1  3  2  2  4  1  4  5
 A                   546722                   528489   3.0546705711888587E-005       8194 #   1  2  2  3  2  2  4  2  4  5 ->   2  2  1  3  2  2  4  2  3  5
 A                   546722                   455589   9.8948777388807653E-005       8195 #   1  2  2  3  2  2  4  2  4  5 ->   2  2  1  3  2  2  4  2  4  4
 A                   546722                   546669   2.8631259473730856E-003       7160 #   1  2  2  3  2  2  4  2  4  5 ->   2  2  2  1  2  2  4  2  4  5
 A                   546722                   546561   3.5998557266380321E-004       8099 #   1  2  2  3  2  2  4  2  4  5 ->   2  2  2  2  1  2  4  2  4  5
 A                   546722                   546291   8.6740106224562224E-004       8139 #   1  2  2  3  2  2  4  2  4  5 ->   2  2  2  2  2  1  4  2  4  5
 A                   546722                   545481   1.0211465362029439E-003       8142 #   1  2  2  3  2  2  4  2  4  5 ->   2  2  2  2  2  2  3  2  4  5
 A                   546722                   540621   3.6903398770222764E-005       8247 #   1  2  2  3  2  2  4  2  4  5 ->   2  2  2  2  2  2  4  1  4  5
 A                   546722                   528471   1.1083511367599100E-004       8218 #   1  2  2  3  2  2  4  2  4  5 ->   2  2  2  2  2  2  4  2  3  5
 A                   546722                   455571   9.3141278776809412E-005       8218 #   1  2  2  3  2  2  4  2  4  5 ->   2  2  2  2  2  2  4  2  4  4
 A                   546722                   546453   3.2980432495095861E-005       9039 #   1  2  2  3  2  2  4  2  4  5 ->   2  2  2  3  0  2  4  2  4  5
 A                   546722                   546183   3.2748453669538736E-005       9079 #   1  2  2  3  2  2  4  2  4  5 ->   2  2  2  3  1  1  4  2  4  5
 A                   546722                   545373   6.5484229126475563E-005       9082 #   1  2  2  3  2  2  4  2  4  5 ->   2  2  2  3  1  2  3  2  4  5
 A                   546722                   540513   6.8863651515415439E-006       9186 #   1  2  2  3  2  2  4  2  4  5 ->   2  2  2  3  1  2  4  1  4  5
 A                   546722                   528363   2.2806982816094572E-006       9157 #   1  2  2  3  2  2  4  2  4  5 ->   2  2  2  3  1  2  4  2  3  5
 A                   546722                   455463   2.8506080139109158E-006       9158 #   1  2  2  3  2  2  4  2  4  5 ->   2  2  2  3  1  2  4  2  4  4
 A                   546722                   545913   6.3204736331477821E-006       9119 #   1  2  2  3  2  2  4  2  4  5 ->   2  2  2  3  2  0  4  2  4  5
 A                   546722                   545103   1.3639810740399347E-004       9122 #   1  2  2  3  2  2  4  2  4  5 ->   2  2  2  3  2  1  3  2  4  5
 A                   546722                   540243   3.3579884109012659E-006       9226 #   1  2  2  3  2  2  4  2  4  5 ->   2  2  2  3  2  1  4  1  4  5
 A                   546722                   528093   2.7239845840392910E-006       9197 #   1  2  2  3  2  2  4  2  4  5 ->   2  2  2  3  2  1  4  2  3  5
 A                   546722                   455193   9.4158272264196650E-006       9198 #   1  2  2  3  2  2  4  2  4  5 ->   2  2  2  3  2  1  4  2  4  4
 A                   546722                   544293   8.0797262422329370E-005       9125 #   1  2  2  3  2  2  4  2  4  5 ->   2  2  2  3  2  2  2  2  4  5
 A                   546722                   539433   6.7147307073447813E-006       9230 #   1  2  2  3  2  2  4  2  4  5 ->   2  2  2  3  2  2  3  1  4  5
 A                   546722                   527283   1.4095714283312373E-005       9200 #   1  2  2  3  2  2  4  2  4  5 ->   2  2  2  3  2  2  3  2  3  5
 A                   546722                   454383   1.1609015881510549E-005       9201 #   1  2  2  3  2  2  4  2  4  5 ->   2  2  2  3  2  2  3  2  4  4
 A                   546722                   534573   3.5939523163063934E-007       9334 #   1  2  2  3  2  2  4  2  4  5 ->   2  2  2  3  2  2  4  0  4  5
 A                   546722                   522423   2.3105085875727788E-007       9305 #   1  2  2  3  2  2  4  2  4  5 ->   2  2  2  3  2  2  4  1  3  5
 A                   546722                   449523   2.8878676667303025E-007       9305 #   1  2  2  3  2  2  4  2  4  5 ->   2  2  2  3  2  2  4  1  4  4
 A                   546722                   510273   4.7383812569332938E-009       9275 #   1  2  2  3  2  2  4  2  4  5 ->   2  2  2  3  2  2  4  2  2  5
 A                   546722                   437373   1.0041729734411201E-006       9276 #   1  2  2  3  2  2  4  2  4  5 ->   2  2  2  3  2  2  4  2  3  4
 A                   546722                   364473   2.0554846081420903E-007       9277 #   1  2  2  3  2  2  4  2  4  5 ->   2  2  2  3  2  2  4  2  4  3
 A                   546722                   546479   8.0661529828186186E-005        760 #   1  2  2  3  2  2  4  2  4  5 ->   1  2  2  4  0  2  4  2  4  5
 A                   546722                   546209   6.9125570769565373E-005        800 #   1  2  2  3  2  2  4  2  4  5 ->   1  2  2  4  1  1  4  2  4  5
 A                   546722                   545399   1.5509651069896611E-003        803 #   1  2  2  3  2  2  4  2  4  5 ->   1  2  2  4  1  2  3  2  4  5
 A                   546722                   540539   1.4416385945488840E-005        908 #   1  2  2  3  2  2  4  2  4  5 ->   1  2  2  4  1  2  4  1  4  5
 A                   546722                   528389   1.3588151849735133E-004        878 #   1  2  2  3  2  2  4  2  4  5 ->   1  2  2  4  1  2  4  2  3  5
 A                   546722                   455489   1.0578795951896693E-004        879 #   1  2  2  3  2  2  4  2  4  5 ->   1  2  2  4  1  2  4  2  4  4
 A                   546722                   545939   2.5987286252355472E-005        840 #   1  2  2  3  2  2  4  2  4  5 ->   1  2  2  4  2  0  4  2  4  5
 A                   546722                   545129   2.4514725153990499E-003        843 #   1  2  2  3  2  2  4  2  4  5 ->   1  2  2  4  2  1  3  2  4  5
 A                   546722                   540269   6.5232127737934574E-006        948 #   1  2  2  3  2  2  4  2  4  5 ->   1  2  2  4  2  1  4  1  4  5
 A                   546722                   528119   1.5568103286553008E-004        918 #   1  2  2  3  2  2  4  2  4  5 ->   1  2  2  4  2  1  4  2  3  5
 A                   546722                   455219   1.1785826731673798E-003        919 #   1  2  2  3  2  2  4  2  4  5 ->   1  2  2  4  2  1  4  2  4  4
 A                   546722                   544319   3.7121906949712279E-003        846 #   1  2  2  3  2  2  4  2  4  5 ->   1  2  2  4  2  2  2  2  4  5
 A                   546722                   539459   1.6285856905143804E-004        951 #   1  2  2  3  2  2  4  2  4  5 ->   1  2  2  4  2  2  3  1  4  5
 A                   546722                   527309   2.9871642520283648E-003        921 #   1  2  2  3  2  2  4  2  4  5 ->   1  2  2  4  2  2  3  2  3  5
 A                   546722                   454409   3.9319417882768947E-003        922 #   1  2  2  3  2  2  4  2  4  5 ->   1  2  2  4  2  2  3  2  4  4
 A                   546722                   534599   6.3996447901517281E-007       1055 #   1  2  2  3  2  2  4  2  4  5 ->   1  2  2  4  2  2  4  0  4  5
 A                   546722                   522449   1.3092486254749559E-005       1026 #   1  2  2  3  2  2  4  2  4  5 ->   1  2  2  4  2  2  4  1  3  5
 A                   546722                   449549   1.0481717618187089E-005       1026 #   1  2  2  3  2  2  4  2  4  5 ->   1  2  2  4  2  2  4  1  4  4
 A                   546722                   510299   3.4516986685061591E-004        996 #   1  2  2  3  2  2  4  2  4  5 ->   1  2  2  4  2  2  4  2  2  5
 A                   546722                   437399   5.8108166725757016E-003        997 #   1  2  2  3  2  2  4  2  4  5 ->   1  2  2  4  2  2  4  2  3  4
 A                   546722                   364499   3.1905673613462126E-003        998 #   1  2  2  3  2  2  4  2  4  5 ->   1  2  2  4  2  2  4  2  4  3

 P                   546696                   546693   9.2305812960377081E-005       6831 #   2  2  2  2  2  2  4  2  4  5 ->   2  1  2  2  2  2  4  2  4  5
 P                   546696                   546687   2.6414376595470867E-005       6943 #   2  2  2  2  2  2  4  2  4  5 ->   2  2  1  2  2  2  4  2  4  5
 P                   546696                   546669   2.6100978269715320E-005       6965 #   2  2  2  2  2  2  4  2  4  5 ->   2  2  2  1  2  2  4  2  4  5
 P                   546696                   546561   1.4084272193481985E-005       7871 #   2  2  2  2  2  2  4  2  4  5 ->   2  2  2  2  1  2  4  2  4  5
 P                   546696                   546291   3.6530541991594919E-006       7911 #   2  2  2  2  2  2  4  2  4  5 ->   2  2  2  2  2  1  4  2  4  5
 P                   546696                   545481   7.2941207370550719E-006       7914 #   2  2  2  2  2  2  4  2  4  5 ->   2  2  2  2  2  2  3  2  4  5
 V                   546696                   540621   1.4931119679728860E-006       8016 #   2  2  2  2  2  2  4  2  4  5 ->   2  2  2  2  2  2  4  1  4  5
 P                   546696                   528471   2.7595782617494830E-007       7986 #   2  2  2  2  2  2  4  2  4  5 ->   2  2  2  2  2  2  4  2  3  5
 P                   546696                   455571   3.4482423373954816E-007       7986 #   2  2  2  2  2  2  4  2  4  5 ->   2  2  2  2  2  2  4  2  4  4

 P                   546722                   546719   9.5774401877989310E-005       6804 #   1  2  2  3  2  2  4  2  4  5 ->   1  1  2  3  2  2  4  2  4  5
 P                   546722                   546713   2.9144138827266995E-005       6905 #   1  2  2  3  2  2  4  2  4  5 ->   1  2  1  3  2  2  4  2  4  5
 P                   546722                   546695   4.3158089909565384E-005       6929 #   1  2  2  3  2  2  4  2  4  5 ->   1  2  2  2  2  2  4  2  4  5
 P                   546722                   546587   1.4410072781068526E-005       7868 #   1  2  2  3  2  2  4  2  4  5 ->   1  2  2  3  1  2  4  2  4  5
 P                   546722                   546317   3.9187386991546235E-006       7908 #   1  2  2  3  2  2  4  2  4  5 ->   1  2  2  3  2  1  4  2  4  5
 P                   546722                   545507   7.8239470466269716E-006       7911 #   1  2  2  3  2  2  4  2  4  5 ->   1  2  2  3  2  2  3  2  4  5
 V                   546722                   540647   1.5222580863928338E-006       8016 #   1  2  2  3  2  2  4  2  4  5 ->   1  2  2  3  2  2  4  1  4  5
 P                   546722                   528497   3.0057589605998364E-007       7987 #   1  2  2  3  2  2  4  2  4  5 ->   1  2  2  3  2  2  4  2  3  5
 P                   546722                   455597   3.7558247142892816E-007       7987 #   1  2  2  3  2  2  4  2  4  5 ->   1  2  2  3  2  2  4  2  4  4

 F                   546714                   546588   1.3105287784649620E-005        928 #   2  2  1  3  2  2  4  2  4  5 ->   2  2  2  3  1  2  4  2  4  5
 F                   546714                   540648   1.4081743095850958E-006       1073 #   2  2  1  3  2  2  4  2  4  5 ->   2  2  2  3  2  2  4  1  4  5
 F                   546714                   528498   3.5539372861214004E-004       1043 #   2  2  1  3  2  2  4  2  4  5 ->   2  2  2  3  2  2  4  2  3  5
 F                   546714                   546606   1.2196697605942037E-005        906 #   2  2  1  3  2  2  4  2  4  5 ->   2  2  1  4  1  2  4  2  4  5
 F                   546714                   540666   1.3235122503621789E-006       1051 #   2  2  1  3  2  2  4  2  4  5 ->   2  2  1  4  2  2  4  1  4  5
 F                   546714                   528516   3.3341456678221340E-005       1021 #   2  2  1  3  2  2  4  2  4  5 ->   2  2  1  4  2  2  4  2  3  5
 F                   546714                   455616   2.5045637971038073E-004       1021 #   2  2  1  3  2  2  4  2  4  5 ->   2  2  1  4  2  2  4  2  4  4
 A                   546714                   546453   8.4077638001872634E-005        750 #   2  2  1  3  2  2  4  2  4  5 ->   2  2  2  3  0  2  4  2  4  5
 A                   546714                   546183   1.5122493343842124E-003        791 #   2  2  1  3  2  2  4  2  4  5 ->   2  2  2  3  1  1  4  2  4  5
 A                   546714                   545373   1.4236667379464735E-004        794 #   2  2  1  3  2  2  4  2  4  5 ->   2  2  2  3  1  2  3  2  4  5
 A                   546714                   540513   1.5063332107571330E-005        896 #   2  2  1  3  2  2  4  2  4  5 ->   2  2  2  3  1  2  4  1  4  5
 A                   546714                   528363   4.6846185359386665E-005        865 #   2  2  1  3  2  2  4  2  4  5 ->   2  2  2  3  1  2  4  2  3  5
 A                   546714                   455463   1.8129166497884831E-004        866 #   2  2  1  3  2  2  4  2  4  5 ->   2  2  2  3  1  2  4  2  4  4
 A                   546714                   545913   1.3489358933198373E-003        831 #   2  2  1  3  2  2  4  2  4  5 ->   2  2  2  3  2  0  4  2  4  5
 A                   546714                   545103   4.7767060843839117E-003        834 #   2  2  1  3  2  2  4  2  4  5 ->   2  2  2  3  2  1  3  2  4  5
 A                   546714                   540243   1.6012205622529716E-004        936 #   2  2  1  3  2  2  4  2  4  5 ->   2  2  2  3  2  1  4  1  4  5
 A                   546714                   528093   2.1761735682094495E-003        906 #   2  2  1  3  2  2  4  2  4  5 ->   2  2  2  3  2  1  4  2  3  5
 A                   546714                   455193   3.4794052681105989E-003        906 #   2  2  1  3  2  2  4  2  4  5 ->   2  2  2  3  2  1  4  2  4  4
 A                   546714                   544293   1.3695052412468004E-004        837 #   2  2  1  3  2  2  4  2  4  5 ->   2  2  2  3  2  2  2  2  4  5
 A                   546714                   539433   1.3437499007574565E-005        939 #   2  2  1  3  2  2  4  2  4  5 ->   2  2  2  3  2  2  3  1  4  5
 A                   546714                   527283   2.9457169752951972E-003        909 #   2  2  1  3  2  2  4  2  4  5 ->   2  2  2  3  2  2  3  2  3  5
 A                   546714                   454383   3.4720242562077627E-004        909 #   2  2  1  3  2  2  4  2  4  5 ->   2  2  2  3  2  2  3  2  4  4
 A                   546714                   534573   6.7037142326442321E-007       1041 #   2  2  1  3  2  2  4  2  4  5 ->   2  2  2  3  2  2  4  0  4  5
 A                   546714                   522423   4.9854216069064408E-006       1011 #   2  2  1  3  2  2  4  2  4  5 ->   2  2  2  3  2  2  4  1  3  5
 A                   546714                   449523   1.7519701186926948E-005       1011 #   2  2  1  3  2  2  4  2  4  5 ->   2  2  2  3  2  2  4  1  4  4
 A                   546714                   510273   2.2075781868205022E-003        980 #   2  2  1  3  2  2  4  2  4  5 ->   2  2  2  3  2  2  4  2  2  5
 A                   546714                   437373   8.4367597717725402E-003        981 #   2  2  1  3  2  2  4  2  4  5 ->   2  2  2  3  2  2  4  2  3  4
 A                   546714                   364473   3.2585556033497384E-004        982 #   2  2  1  3  2  2  4  2  4  5 ->   2  2  2  3  2  2  4  2  4  3
 A                   546714                   546471   8.4533714356312776E-005        728 #   2  2  1  3  2  2  4  2  4  5 ->   2  2  1  4  0  2  4  2  4  5
 A                   546714                   546201   6.9813386956866835E-005        769 #   2  2  1  3  2  2  4  2  4  5 ->   2  2  1  4  1  1  4  2  4  5
 A                   546714                   545391   1.5992752151916165E-003        772 #   2  2  1  3  2  2  4  2  4  5 ->   2  2  1  4  1  2  3  2  4  5
 A                   546714                   540531   1.5132318011059350E-005        874 #   2  2  1  3  2  2  4  2  4  5 ->   2  2  1  4  1  2  4  1  4  5
 A                   546714                   528381   1.3853839373288780E-004        843 #   2  2  1  3  2  2  4  2  4  5 ->   2  2  1  4  1  2  4  2  3  5
 A                   546714                   455481   1.1499692766254802E-004        844 #   2  2  1  3  2  2  4  2  4  5 ->   2  2  1  4  1  2  4  2  4  4
 A                   546714                   545931   2.6882302304900823E-005        809 #   2  2  1  3  2  2  4  2  4  5 ->   2  2  1  4  2  0  4  2  4  5
 A                   546714                   545121   2.5156716520838359E-003        812 #   2  2  1  3  2  2  4  2  4  5 ->   2  2  1  4  2  1  3  2  4  5
 A                   546714                   540261   6.5802032594652296E-006        914 #   2  2  1  3  2  2  4  2  4  5 ->   2  2  1  4  2  1  4  1  4  5
 A                   546714                   528111   1.6513891289270040E-004        884 #   2  2  1  3  2  2  4  2  4  5 ->   2  2  1  4  2  1  4  2  3  5
 A                   546714                   455211   1.2560095458133882E-003        884 #   2  2  1  3  2  2  4  2  4  5 ->   2  2  1  4  2  1  4  2  4  4
 A                   546714                   544311   3.8121276483764469E-003        816 #   2  2  1  3  2  2  4  2  4  5 ->   2  2  1  4  2  2  2  2  4  5
 A                   546714                   539451   1.6838172929665117E-004        918 #   2  2  1  3  2  2  4  2  4  5 ->   2  2  1  4  2  2  3  1  4  5
 A                   546714                   527301   3.1558011187188210E-003        887 #   2  2  1  3  2  2  4  2  4  5 ->   2  2  1  4  2  2  3  2  3  5
 A                   546714                   454401   4.1606066633033036E-003        888 #   2  2  1  3  2  2  4  2  4  5 ->   2  2  1  4  2  2  3  2  4  4
 A                   546714                   534591   6.7374070956481308E-007       1020 #   2  2  1  3  2  2  4  2  4  5 ->   2  2  1  4  2  2  4  0  4  5
 A                   546714                   522441   1.3489809430117178E-005        989 #   2  2  1  3  2  2  4  2  4  5 ->   2  2  1  4  2  2  4  1  3  5
 A                   546714                   449541   1.1548345090363076E-005        990 #   2  2  1  3  2  2  4  2  4  5 ->   2  2  1  4  2  2  4  1  4  4
 A                   546714                   510291   3.7888142157561824E-004        958 #   2  2  1  3  2  2  4  2  4  5 ->   2  2  1  4  2  2  4  2  2  5
 A                   546714                   437391   6.3530436968494914E-003        959 #   2  2  1  3  2  2  4  2  4  5 ->   2  2  1  4  2  2  4  2  3  4
 A                   546714                   364491   3.4931728442998953E-003        960 #   2  2  1  3  2  2  4  2  4  5 ->   2  2  1  4  2  2  4  2  4  3

 P                   546714                   546711   9.2305812960377081E-005       6831 #   2  2  1  3  2  2  4  2  4  5 ->   2  1  1  3  2  2  4  2  4  5
 P                   546714                   546705   1.3207188297735434E-005       6943 #   2  2  1  3  2  2  4  2  4  5 ->   2  2  0  3  2  2  4  2  4  5
 P                   546714                   546687   3.9151467404572977E-005       6965 #   2  2  1  3  2  2  4  2  4  5 ->   2  2  1  2  2  2  4  2  4  5
 P                   546714                   546579   1.4084272193481985E-005       7871 #   2  2  1  3  2  2  4  2  4  5 ->   2  2  1  3  1  2  4  2  4  5
 P                   546714                   546309   3.6530541991594919E-006       7911 #   2  2  1  3  2  2  4  2  4  5 ->   2  2  1  3  2  1  4  2  4  5
 P                   546714                   545499   7.2941207370550719E-006       7914 #   2  2  1  3  2  2  4  2  4  5 ->   2  2  1  3  2  2  3  2  4  5
 V                   546714                   540639   1.4931119679728860E-006       8016 #   2  2  1  3  2  2  4  2  4  5 ->   2  2  1  3  2  2  4  1  4  5
 P                   546714                   528489   2.7595782617494830E-007       7986 #   2  2  1  3  2  2  4  2  4  5 ->   2  2  1  3  2  2  4  2  3  5
 P                   546714                   455589   3.4482423373954816E-007       7986 #   2  2  1  3  2  2  4  2  4  5 ->   2  2  1  3  2  2  4  2  4  4

